site,plot_id,year,season,totals_n_larvae,totals_not_ided,an_maculipennis,an_claviger,cx_pipiens,cs_annulata,cs_morsitans,oc_cantans,oc_caspius,fish,water_boatman,water_beetle_larva,water_beetle,damselfly_larva,dragonfly_larva,phantom_midge,backswimmer,saucer_bug,water_scorpion,water_spider,newt,tadpole,frog,flatworm,gammarus,cover,percentage_water_shaded,management,width,water_temp,turbidity,salinity,dissolved_oxygen,ph,x,y
81,8101,2009,2,0,0,0,0,0,0,0,0,0,0,0,0,0,0,0,20,0,0,0,0,0,0,0,0,0,0,100,1,NaN,21.2,0.899,0.69,106.2,7.3,348833.15789473685,142160
81,8101,2009,3,0,0,0,0,0,0,0,0,0,0,0,0,0,0,0,0,0,0,0,0,0,0,0,0,0,0,100,1,10,14.47,0.7646666666666667,0.5833333333333333,163.1,7.226666666666667,348833.15789473685,142160
81,8101,2010,1,0,0,0,0,0,0,0,0,0,0,0,0,0,0,0,0,0,0,0,0,0,0,0,0,0,0,NaN,1,NaN,NaN,NaN,NaN,NaN,NaN,348833.15789473685,142160
81,8101,2010,2,0,0,0,0,0,0,0,0,0,0,0,0,0,0,0,0,0,0,0,0,0,0,0,0,0,0,NaN,1,NaN,NaN,NaN,NaN,NaN,NaN,348833.15789473685,142160
81,8101,2010,3,0,0,0,0,0,0,0,0,0,0,0,0,0,0,0,0,0,0,0,0,0,0,0,0,0,0,NaN,1,NaN,NaN,NaN,NaN,NaN,NaN,348833.15789473685,142160
81,8101,2011,1,0,0,0,0,0,0,0,0,0,0,0,0,0,0,0,0,0,0,0,0,0,0,0,0,0,0,NaN,1,NaN,NaN,NaN,NaN,NaN,NaN,348833.15789473685,142160
81,8102,2009,2,0,0,0,0,0,0,0,0,0,1,0,0,0,0,0,0,0,0,0,0,0,0,0,0,0,0.95,80,1,19.166666666666668,19.65,0.47933333333333333,0.36333333333333334,121.8,5.890000000000001,348617.1666666667,142000.5
81,8102,2009,3,135,0,0,4,2,129,0,0,0,0,0,0,0,0,0,0,0,0,0,0,0,0,0,0,0,0,80,1,13.333333333333334,14.176666666666666,0.6746666666666666,0.5066666666666667,166.23333333333332,7.1066666666666665,348617.1666666667,142000.5
81,8102,2010,1,1,0,0,0,1,0,0,0,0,1,0,1,1,0,0,0,0,0,0,0,0,0,0,0,0,0.2183950613888889,10,1,36.666666666666664,15.53333333,0.539,0.41,153.8333333,7.533333333,348617.1666666667,142000.5
81,8102,2010,2,0,0,0,0,0,0,0,0,0,8,0,1,3,1,0,0,0,0,0,0,0,0,0,0,0,0.7876543208333334,5,1,17.5,20.96666667,0.499,0.376666667,113.1333333,6.03,348617.1666666667,142000.5
81,8102,2010,3,0,0,0,0,0,0,0,0,0,0,0,0,2,11,0,0,0,0,0,0,0,0,0,0,0,0.0014197530555555558,19.166666666666668,1,52.5,17.02,0.619333333,0.47,141.1333333,7.106666667,348617.1666666667,142000.5
81,8102,2011,1,0,0,0,0,0,0,0,0,0,10,0,0,2,4,0,0,0,0,0,0,0,0,0,0,0,0.0014197530555555558,46.666666666666664,1,36.666666666666664,12.773333333333333,0.5846666666666667,0.44666666666666666,180.96666666666667,2.5566666666666666,348617.1666666667,142000.5
81,8103,2009,2,0,0,0,0,0,0,0,0,0,0,0,0,0,0,2,0,0,0,0,0,0,0,0,0,0,0.8,83.33333333333333,1,20,19.566666666666666,0.717,0.5499999999999999,115.3,6.526666666666666,348756.8333333333,142092.83333333334
81,8103,2009,3,131,0,0,0,29,102,0,0,0,0,0,0,0,0,0,0,0,0,0,0,0,0,0,0,0,0,45.833333333333336,1,NaN,14.853333333333333,0.7813333333333333,0.6033333333333333,159.8,6.933333333333334,348756.8333333333,142092.83333333334
81,8103,2010,1,1,0,0,0,0,1,0,0,0,0,0,0,1,0,0,0,0,0,0,0,0,0,0,0,11,0.033641975000000005,76.66666666666667,1,15,17.39,0.929,0.72,140.4666667,7.47,348756.8333333333,142092.83333333334
81,8103,2010,2,0,0,0,0,0,0,0,0,0,0,0,0,0,0,0,0,0,0,0,0,0,0,0,0,0,0,NaN,1,NaN,NaN,NaN,NaN,NaN,NaN,348756.8333333333,142092.83333333334
81,8103,2010,3,509,0,0,18,138,351,0,0,2,0,0,4,2,0,0,0,0,0,0,0,0,0,0,0,1,0.07777777777777778,71.66666666666667,1,26.666666666666668,16.57,0.622333333,0.48,145.0666667,6.933333333,348756.8333333333,142092.83333333334
81,8103,2011,1,0,0,0,0,0,0,0,0,0,0,0,0,0,0,0,0,0,0,0,0,0,0,0,0,0,0.0014197530555555558,21.666666666666668,1,39.166666666666664,15.486666666666666,1.2013333333333334,0.9466666666666667,155.36666666666667,3.3533333333333335,348756.8333333333,142092.83333333334
81,8104,2009,2,0,0,0,0,0,0,0,0,0,0,0,0,0,0,0,0,0,0,0,0,0,0,0,0,0,0.8588888888888888,80,1,11.333333333333334,20,NaN,NaN,NaN,NaN,348787.5,142297.33333333334
81,8104,2009,3,136,0,1,42,0,93,0,0,0,0,0,0,0,0,0,0,0,0,0,0,0,0,0,0,0,0,95,1,20,13.946666666666667,0.8606666666666667,0.6666666666666666,168.5,6.96,348787.5,142297.33333333334
81,8104,2010,1,0,0,0,0,0,0,0,0,0,1,0,0,1,0,0,0,0,0,0,0,0,0,0,0,0,0.1901234563888889,2.5555555,1,15.833333333333334,17.01,0.807,0.623333333,143.0666667,7.67,348787.5,142297.33333333334
81,8104,2010,2,0,0,0,0,0,0,0,0,0,0,0,0,0,0,0,0,0,0,0,0,0,0,0,0,0,0,NaN,1,NaN,NaN,NaN,NaN,NaN,NaN,348787.5,142297.33333333334
81,8104,2010,3,0,0,0,0,0,0,0,0,0,0,0,0,0,0,0,0,0,0,0,0,0,0,0,0,0,0,NaN,1,NaN,NaN,NaN,NaN,NaN,NaN,348787.5,142297.33333333334
81,8104,2011,1,0,0,0,0,0,0,0,0,0,0,1,0,0,0,0,0,0,0,0,0,0,0,0,0,3,0.00845679,13.79629625,1,30,15.753333333333334,1.7743333333333333,1.42,151.70000000000002,4.233333333333333,348787.5,142297.33333333334
82,8201,2009,2,5,0,5,0,0,0,0,0,0,7,4,0,0,7,0,0,0,0,0,0,0,1,0,0,0,0.36333333333333334,15,1,51.166666666666664,20.74,0.543,0.41,114.32333333333334,7.21,349228.1666666667,137267.5
82,8201,2009,3,0,0,0,0,0,0,0,0,0,0,0,0,2,0,0,0,0,0,0,0,0,0,0,0,0,0.4312345555555555,30,1,42.5,17.53,0.523,0.4033333333333333,138.9,6.39,349228.1666666667,137267.5
82,8201,2010,1,1,0,1,0,0,0,0,0,0,0,0,0,0,0,0,0,0,0,0,0,0,0,0,0,0,0,NaN,1,53.333333333333336,15.81333333,0.501333333,0.38,152.8,7.676666667,349228.1666666667,137267.5
82,8201,2010,2,3,0,3,0,0,0,0,0,0,0,0,0,0,0,0,0,0,0,0,0,0,0,0,0,0,0,2.5555555,1,50,20.48666667,0.477,0.356666667,116.5666667,6.176666667,349228.1666666667,137267.5
82,8201,2010,3,0,0,0,0,0,0,0,0,0,0,0,0,0,0,0,0,0,0,0,0,0,0,0,0,0,0,45,1,65,19.61,0.621333333,0.473333333,121.9666667,6.39,349228.1666666667,137267.5
82,8201,2011,1,0,0,0,0,0,0,0,0,0,0,1,1,0,0,0,0,0,0,0,0,0,0,0,0,0,0.015555555277777777,7.092592583333333,1,50,15.783333333333333,0.573,0.43333333333333335,151.5,3.3766666666666665,349228.1666666667,137267.5
82,8202,2009,2,0,0,0,0,0,0,0,0,0,3,0,0,0,1,0,0,0,0,0,0,0,0,0,0,0,0.3525308641666667,40,1,57.166666666666664,23.053333333333335,0.446,0.33333333333333337,100.96666666666667,7.803333333333334,349344.5,137594.33333333334
82,8202,2009,3,0,0,0,0,0,0,0,0,0,0,4,0,2,1,0,0,0,0,0,0,0,0,0,0,0,0.3864814444444445,12.5,1,33.333333333333336,18.963333333333335,0.441,0.33,126.56666666666666,7.516666666666667,349344.5,137594.33333333334
82,8202,2010,1,0,0,0,0,0,0,0,0,0,0,0,0,0,0,0,0,0,0,0,0,0,0,0,0,0,0,0,1,50,17.73333333,0.336666667,0.246666667,134.6333333,7.496666667,349344.5,137594.33333333334
82,8202,2010,2,3,0,3,0,0,0,0,0,0,0,0,0,0,0,0,0,0,0,0,0,0,0,0,0,0,0,2.5555555,1,55,21.55666667,0.47,0.32,109.8666667,6.606666667,349344.5,137594.33333333334
82,8202,2010,3,0,0,0,0,0,0,0,0,0,0,0,0,0,0,0,0,0,0,0,0,0,0,0,0,0,0,27.5,1,50,20.13666667,0.576666667,0.44,118.4,7.516666667,349344.5,137594.33333333334
82,8202,2011,1,0,0,0,0,0,0,0,0,0,0,2,1,2,0,0,0,0,1,0,0,0,0,0,0,0,0.002777777777777778,10.833333333333334,1,50,16.433333333333334,0.5713333333333332,0.43333333333333335,145.56666666666666,3.0033333333333334,349344.5,137594.33333333334
82,8203,2009,2,0,0,0,0,0,0,0,0,0,8,0,0,0,3,0,0,0,0,0,0,1,0,0,0,0,0.9833333333333333,20,1,35.166666666666664,22.37333333333333,0.525,0.3933333333333333,104.73333333333333,7.323333333333333,349655.1666666667,137639.16666666666
82,8203,2009,3,0,0,0,0,0,0,0,0,0,3,0,0,0,4,0,0,0,0,0,0,0,0,0,0,0,0.9986419722222222,10,1,34.166666666666664,18.71,0.5313333333333333,0.4033333333333333,128.33333333333334,7.683333333333334,349655.1666666667,137639.16666666666
82,8203,2010,1,0,0,0,0,0,0,0,0,0,0,0,0,0,0,0,0,0,0,0,0,0,0,0,0,0,0,0,1,28.333333333333332,14.99333333,0.519666667,0.393333333,158.5666667,7.8,349655.1666666667,137639.16666666666
82,8203,2010,2,0,0,0,0,0,0,0,0,0,0,0,0,0,0,0,0,0,0,0,0,0,0,0,0,0,0,2.5555555,1,41.666666666666664,23.21,0.589,0.446666667,100.0666667,6.93,349655.1666666667,137639.16666666666
82,8203,2010,3,0,0,0,0,0,0,0,0,0,0,0,0,0,0,0,0,0,0,0,0,0,0,0,0,0,0,15,1,27.5,19.66666667,0.628,0.48,121.4,7.683333333,349655.1666666667,137639.16666666666
82,8203,2011,1,0,0,0,0,0,0,0,0,0,19,6,2,1,0,0,0,1,0,0,0,0,0,0,0,0,0.12919753083333332,65,1,28.333333333333332,15.896666666666667,0.5526666666666668,0.42,150.36666666666667,3.203333333333333,349655.1666666667,137639.16666666666
82,8204,2009,2,58,0,0,7,7,44,0,0,0,0,0,0,0,0,0,0,0,0,0,0,0,0,0,0,0,0,40,1,10,23,0.6753333333333333,0.52,138.06666666666666,6.24,349461,137398.66666666666
82,8204,2009,3,0,0,0,0,0,0,0,0,0,0,0,0,0,0,0,0,0,0,0,0,0,0,0,0,0,0,31.666666666666668,1,42,19.413333333333334,0.6996666666666667,0.5333333333333333,123.26666666666667,7.72,349461,137398.66666666666
82,8204,2010,1,0,0,0,0,0,0,0,0,0,0,0,0,0,0,0,0,0,0,0,0,0,0,0,0,0,0,13.333333333333334,1,51.666666666666664,16.21333333,0.325333333,0.246666667,148.0666667,7.883333333,349461,137398.66666666666
82,8204,2010,2,1,0,1,0,0,0,0,0,0,0,0,0,0,0,0,0,0,0,0,0,0,0,0,0,0,0,21.666666666666668,1,58.333333333333336,21.00333333,0.302,0.223333333,113.4333333,7.313333333,349461,137398.66666666666
82,8204,2010,3,1,0,1,0,0,0,0,0,0,0,0,0,0,0,0,0,0,0,0,0,0,0,0,0,0,0,29.166666666666668,1,48.333333333333336,18.77,0.514,0.39,127.8,7.72,349461,137398.66666666666
82,8204,2011,1,0,0,0,0,0,0,0,0,0,0,1,1,1,0,0,0,0,0,0,0,0,0,0,0,0,0.03216049361111111,26.666666666666668,1,53.333333333333336,15.806666666666667,0.31966666666666665,0.24,151.26666666666668,3.43,349461,137398.66666666666
83,8301,2009,2,36,0,0,0,34,2,0,0,0,0,0,0,0,0,0,0,0,0,0,0,0,0,0,0,0,0.6841666666666667,61.666666666666664,1,55,18.033333333333335,0.43566666666666665,0.32666666666666666,133.43333333333334,6.5,350035.1666666667,140790.33333333334
83,8301,2009,3,115,0,0,0,39,76,0,0,0,0,0,0,7,0,0,0,0,0,0,0,0,0,0,0,0,1,36.666666666666664,1,39.166666666666664,15.88,0.5296666666666667,0.4,150.66666666666666,6.39,350035.1666666667,140790.33333333334
83,8301,2010,1,15,0,0,0,0,15,0,0,0,0,0,0,0,0,0,0,0,0,0,0,0,0,0,0,0,0,60,1,27,12.61666667,0.512666667,0.39,182.5,7.266666667,350035.1666666667,140790.33333333334
83,8301,2010,2,0,0,0,0,0,0,0,0,0,0,0,0,0,0,0,0,0,0,0,0,0,0,0,0,0,0,NaN,1,NaN,NaN,NaN,NaN,NaN,NaN,350035.1666666667,140790.33333333334
83,8301,2010,3,70,0,0,0,57,13,0,0,0,0,0,0,0,0,0,0,0,0,0,0,0,0,0,0,0,0,75,1,20,16.14666667,0.58,0.443333333,148.4333333,6.39,350035.1666666667,140790.33333333334
83,8301,2011,1,13,0,0,6,0,7,0,0,0,0,0,0,8,0,0,0,0,0,0,0,0,0,0,0,3,0.012530864166666666,71.66666666666667,1,16.666666666666668,12.76,0.5946666666666667,0.45,180.9,1.9166666666666665,350035.1666666667,140790.33333333334
83,8302,2009,2,0,0,0,0,0,0,0,0,0,0,1,0,0,0,0,0,0,0,0,0,0,0,0,0,0,1,33.333333333333336,1,45,24,0.443,0.3333333333333333,132.93333333333334,6.386666666666667,350022,140641.66666666666
83,8302,2009,3,51,0,0,0,16,35,0,0,0,0,0,0,0,0,0,0,0,0,0,0,0,0,0,0,0,1,20.833333333333332,1,40,16.18,0.5283333333333333,0.4033333333333333,147.96666666666667,6.61,350022,140641.66666666666
83,8302,2010,1,0,0,0,0,0,0,0,0,0,0,0,0,0,0,0,0,0,0,0,0,0,0,0,0,0,0,35,1,2,12.34333333,0.396333333,0.3,184.6,6.956666667,350022,140641.66666666666
83,8302,2010,2,0,0,0,0,0,0,0,0,0,0,0,0,0,0,0,0,0,0,0,0,0,0,0,0,0,0,NaN,1,NaN,NaN,NaN,NaN,NaN,NaN,350022,140641.66666666666
83,8302,2010,3,246,0,0,2,158,86,0,0,0,0,0,0,0,0,0,0,0,0,0,0,0,0,0,0,0,0,52.833333333333336,1,25.833333333333332,16.81,0.603333333,0.456666667,142.8333333,6.606666667,350022,140641.66666666666
83,8302,2011,1,0,0,0,0,0,0,0,0,0,2,0,0,0,0,0,0,0,0,0,0,0,0,0,0,0,0.026419753055555554,25,1,32.5,15.693333333333333,0.5703333333333334,0.43,152.43333333333334,3.9566666666666666,350022,140641.66666666666
83,8303,2009,2,18,0,0,0,11,7,0,0,0,0,0,2,0,0,0,4,0,0,0,0,0,0,0,0,0,0.9863888886111112,5,1,50,19.586666666666666,0.38166666666666665,0.2833333333333333,122.13333333333334,6.973333333333334,349822.8333333333,140845.33333333334
83,8303,2009,3,11,0,0,0,0,11,0,0,0,0,0,0,0,0,0,0,0,0,0,0,0,0,0,1,0,0.9986419752777778,17.5,1,46.666666666666664,15.813333333333334,0.42,0.31666666666666665,151.53333333333333,6.913333333333334,349822.8333333333,140845.33333333334
83,8303,2010,1,0,0,0,0,0,0,0,0,0,0,0,0,0,0,0,0,0,0,0,0,0,0,0,0,0,0,NaN,1,18.333333333333332,14.05,0.349333333,0.26,168.3,9.373333333,349822.8333333333,140845.33333333334
83,8303,2010,2,0,0,0,0,0,0,0,0,0,0,0,0,0,0,0,0,0,0,0,0,0,0,0,0,0,0,NaN,1,NaN,NaN,NaN,NaN,NaN,NaN,349822.8333333333,140845.33333333334
83,8303,2010,3,0,0,0,0,0,0,0,0,0,0,0,0,0,0,0,0,0,0,0,0,0,0,0,0,0,0,NaN,1,NaN,NaN,NaN,NaN,NaN,NaN,349822.8333333333,140845.33333333334
83,8303,2011,1,0,0,0,0,0,0,0,0,0,23,35,1,0,0,0,0,0,0,0,0,0,0,0,0,0,0.04191358,9.166666666666666,1,70,17.21333333333333,0.565,0.43,139.5,4.135,349822.8333333333,140845.33333333334
83,8304,2009,2,19,1,2,0,15,1,0,0,0,0,0,0,0,0,0,2,0,0,0,0,0,0,0,0,0,0.17790123444444447,5,1,40,18.916666666666668,0.48733333333333334,0.3666666666666667,126.73333333333333,7.116666666666666,349691.5,140768.16666666666
83,8304,2009,3,0,0,0,0,0,0,0,0,0,1,2,0,6,6,0,0,0,0,0,0,0,0,0,0,0,0.9972222222222222,3.75925925,1,56.666666666666664,16.856666666666666,0.49733333333333335,0.38,142.43333333333334,6.71,349691.5,140768.16666666666
83,8304,2010,1,0,0,0,0,0,0,0,0,0,0,0,0,0,0,0,0,0,0,0,0,0,0,0,0,0,0,NaN,1,25,12.30666667,0.425,0.32,185.9333333,9.586666667,349691.5,140768.16666666666
83,8304,2010,2,0,0,0,0,0,0,0,0,0,0,0,0,0,0,0,0,0,0,0,0,0,0,0,0,0,0,NaN,1,NaN,NaN,NaN,NaN,NaN,NaN,349691.5,140768.16666666666
83,8304,2010,3,0,0,0,0,0,0,0,0,0,0,0,0,0,0,0,0,0,0,0,0,0,0,0,0,0,0,NaN,1,NaN,NaN,NaN,NaN,NaN,NaN,349691.5,140768.16666666666
83,8304,2011,1,17,0,0,17,0,0,0,0,0,10,0,2,2,0,0,0,0,0,0,0,0,1,0,0,0,0.1460493825,97.5,1,30,13.996666666666666,0.606,0.46,168.03333333333333,2.151666666666667,349691.5,140768.16666666666
84,8401,2009,2,0,0,0,0,0,0,0,0,0,0,0,0,0,0,0,3,0,0,0,0,0,0,0,0,0,0.5738888888888889,30,3,53.333333333333336,19.133333333333333,0.4326666666666667,0.32666666666666666,124.83333333333333,6.17,345823.8333333333,134358.5
84,8401,2009,3,2,0,0,0,1,1,0,0,0,0,0,0,0,18,0,0,0,0,0,0,0,0,0,0,0,1,5.4259259166666665,3,NaN,18.906666666666666,0.47900000000000004,0.36333333333333334,127.13333333333333,6.793333333333333,345823.8333333333,134358.5
84,8401,2010,1,0,0,0,0,0,0,0,0,0,0,0,0,0,0,0,0,0,0,0,0,0,0,0,0,0,0,25,3,83.33333333333333,14.57666667,0.363,0.273333333,162.5666667,6.006666667,345823.8333333333,134358.5
84,8401,2010,2,1,0,1,0,0,0,0,0,0,0,0,0,0,0,0,0,0,0,0,0,0,0,0,0,0,0,15,3,37.5,24.24,0.535666667,0.403333333,94.73333333,6.793333333,345823.8333333333,134358.5
84,8401,2010,3,87,0,5,1,80,1,0,0,0,0,0,0,0,0,0,0,0,0,0,0,0,0,0,0,0,0,0,3,3.3333333333333335,27.03333333,0.898333333,0.686666667,82.06666667,6.793333333,345823.8333333333,134358.5
84,8401,2011,1,0,0,0,0,0,0,0,0,0,0,0,1,0,0,0,0,0,0,0,0,0,0,0,0,0,0.01950617277777778,0,3,59.166666666666664,19.4,0.7063333333333333,0.5466666666666667,123.8,4.595,345823.8333333333,134358.5
84,8402,2009,2,224,0,1,0,223,0,0,0,0,0,3,3,0,1,1,1,0,0,1,0,0,0,0,0,0,0.6894444444444444,20,3,39.833333333333336,74.4975,0.485,0.3625,106.125,6.7725,345928.8333333333,134308.16666666666
84,8402,2009,3,3,0,0,0,0,3,0,0,0,0,0,0,1,22,0,2,0,0,1,1,0,0,0,0,0,0.6597530833333333,18.333333333333332,3,66.66666666666667,19.12,0.4653333333333334,0.35,125.6,7.163333333333334,345928.8333333333,134308.16666666666
84,8402,2010,1,0,0,0,0,0,0,0,0,0,0,0,0,0,0,0,0,0,0,0,0,0,0,0,0,0,0,20,3,70,16.35333333,0.372333333,0.28,146.6333333,5.673333333,345928.8333333333,134308.16666666666
84,8402,2010,2,0,0,0,0,0,0,0,0,0,0,0,0,0,0,0,0,0,0,0,0,0,0,0,0,0,0,NaN,3,NaN,NaN,NaN,NaN,NaN,NaN,345928.8333333333,134308.16666666666
84,8402,2010,3,1126,0,1,11,1100,14,0,0,0,0,0,0,0,0,0,0,0,0,0,0,0,0,0,0,0,0,25,3,33.333333333333336,24.83,0.889,0.68,91.76666667,7.5,345928.8333333333,134308.16666666666
84,8402,2011,1,0,0,0,0,0,0,0,0,0,5,2,2,2,0,0,0,0,0,0,0,0,0,0,0,0,0.04864197527777778,10,3,74.16666666666667,19.533333333333335,0.712,0.5433333333333333,122.46666666666667,4.761666666666667,345928.8333333333,134308.16666666666
84,8403,2009,2,0,0,0,0,0,0,0,0,0,0,0,1,0,0,0,1,0,0,0,0,0,0,0,0,0,0.95,30,3,21.166666666666668,22.886666666666667,0.842,0.6466666666666667,102.03333333333333,6.42,345961.1666666667,134480
84,8403,2009,3,51,0,0,0,41,10,0,0,0,0,0,0,0,0,0,0,0,0,0,0,0,0,0,0,0,1,36.666666666666664,3,14.166666666666666,18.87666666666667,0.6613333333333333,0.54,127,7.12,345961.1666666667,134480
84,8403,2010,1,0,0,0,0,0,0,0,0,0,0,0,0,0,0,0,0,0,0,0,0,0,0,0,0,0,0,0,3,33.333333333333336,14.78666667,0.861333333,0.67,160.6333333,5.84,345961.1666666667,134480
84,8403,2010,2,0,0,0,0,0,0,0,0,0,0,0,0,0,0,0,0,0,0,0,0,0,0,0,0,0,0,35,3,2.5,21.94,0.894,0.686666667,107.2333333,6.736666667,345961.1666666667,134480
84,8403,2010,3,6,0,0,0,6,0,0,0,0,0,0,0,0,0,0,0,0,0,0,0,0,0,0,0,0,0,13.333333333333334,3,70,22.13,0.875,0.673333333,106.2333333,8,345961.1666666667,134480
84,8403,2011,1,0,0,0,0,0,0,0,0,0,2,13,0,0,0,0,0,0,0,0,0,0,0,0,0,0,0.066728395,NaN,3,56.666666666666664,20.406666666666666,1.055,0.82,116.63333333333333,4.763333333333334,345961.1666666667,134480
84,8404,2009,2,0,0,0,0,0,0,0,0,0,1,19,0,0,1,0,0,0,0,0,0,1,0,0,0,0,0.6711111111111111,20,3,55.833333333333336,24.54,0.78,0.5966666666666667,93.46666666666667,7.276666666666666,345934.8333333333,133915.83333333334
84,8404,2009,3,0,0,0,0,0,0,0,0,0,0,6,0,4,3,0,0,0,0,0,0,0,0,0,0,0,0.6011111111111112,15.833333333333334,3,29.166666666666668,21.086666666666666,0.6726666666666667,0.5133333333333333,112.43333333333334,7.48,345934.8333333333,133915.83333333334
84,8404,2010,1,0,0,0,0,0,0,0,0,0,0,0,0,0,0,0,0,0,0,0,0,0,0,0,0,0,0,NaN,3,61.666666666666664,17.75333333,0.622666667,0.476666667,135.4666667,6.03,345934.8333333333,133915.83333333334
84,8404,2010,2,0,0,0,0,0,0,0,0,0,0,0,0,0,0,0,0,0,0,0,0,0,0,0,0,0,0,10,3,62.5,24.46,0.899333333,0.69,93.6,6.986666667,345934.8333333333,133915.83333333334
84,8404,2010,3,0,0,0,0,0,0,0,0,0,0,0,0,0,0,0,0,0,0,0,0,0,0,0,0,0,0,5,3,75,22.75333333,0.875333333,0.676666667,102.6,7.75,345934.8333333333,133915.83333333334
84,8404,2011,1,0,0,0,0,0,0,0,0,0,2,8,0,2,1,0,0,0,0,0,0,0,1,0,0,0,0.03648148111111111,NaN,3,67.5,19.63,0.9386666666666666,0.7266666666666667,121.76666666666667,4.72,345934.8333333333,133915.83333333334
85,8501,2009,2,0,0,0,0,0,0,0,0,0,1,4,0,0,0,0,0,0,0,0,0,0,0,0,0,0,0.9736419752777777,41.666666666666664,1,68.33333333333333,20.281666666666666,0.435,0.32666666666666666,122.2,6.905,338928.6666666667,128654.66666666667
85,8501,2009,3,5,0,0,0,2,3,0,0,0,2,0,0,5,1,0,0,0,0,0,0,0,0,0,2,0,0.7445678888888889,55.833333333333336,1,76.66666666666667,15.483333333333333,0.4583333333333333,0.3466666666666667,153.83333333333334,7.333333333333333,338928.6666666667,128654.66666666667
85,8501,2010,1,0,0,0,0,0,0,0,0,0,0,0,0,0,0,0,0,0,0,0,0,0,0,0,0,0,0,NaN,1,46.666666666666664,12.35,0.524666667,0.4,185.5666667,6.683333333,338928.6666666667,128654.66666666667
85,8501,2010,2,1077,76,0,8,436,557,0,0,0,0,0,0,0,0,0,0,0,0,0,0,0,0,0,0,0,0,60,1,40,18.91,0.569,0.43,126.9,7.5,338928.6666666667,128654.66666666667
85,8501,2010,3,29,0,0,0,4,25,0,0,0,0,0,0,0,0,0,0,0,0,0,0,0,0,0,0,0,0,63.333333333333336,1,70,20.42666667,0.41633333300000003,0.31,116.4,6,338928.6666666667,128654.66666666667
85,8501,2011,1,26,0,0,0,26,0,0,0,0,19,42,1,0,0,0,0,0,1,0,0,1,0,0,0,0,0.07660493805555556,11.666666666666666,1,95,16.676666666666666,0.40599999999999997,0.30333333333333334,143.8,4.866666666666666,338928.6666666667,128654.66666666667
85,8502,2009,2,0,0,0,0,0,0,0,0,0,5,0,0,0,0,0,0,0,0,0,0,0,0,0,0,0,1,55,1,NaN,20.246666666666666,0.4046666666666667,0.30333333333333334,127.9,6.266666666666667,339006.3333333333,128364.33333333333
85,8502,2009,3,0,0,0,0,0,0,0,0,0,3,0,0,1,1,0,0,0,0,0,0,0,0,0,0,0,0.9972222222222221,43.333333333333336,1,90,14.606666666666667,0.48133333333333334,0.39666666666666667,162.1,7.43,339006.3333333333,128364.33333333333
85,8502,2010,1,0,0,0,0,0,0,0,0,0,0,0,0,0,0,0,0,0,0,0,0,0,0,0,0,0,0,45,1,80,12.78,0.536,0.41,180.4,7.623333333,339006.3333333333,128364.33333333333
85,8502,2010,2,0,0,0,0,0,0,0,0,0,0,0,0,0,0,0,0,0,0,0,0,0,0,0,0,0,0,70,1,75,18.02666667,0.579,0.443333333,133.1666667,8,339006.3333333333,128364.33333333333
85,8502,2010,3,0,0,0,0,0,0,0,0,0,0,0,0,0,0,0,0,0,0,0,0,0,0,0,0,0,0,67.5,1,72.5,18.98,0.500666667,0.38,126.2,6,339006.3333333333,128364.33333333333
85,8502,2011,1,0,0,0,0,0,0,0,0,0,4,2,0,0,0,1,0,0,0,0,0,0,0,0,0,0,0.006975308611111112,48.333333333333336,1,76.66666666666667,15.733333333333333,0.48200000000000004,0.36333333333333334,151.83333333333334,4.408333333333333,339006.3333333333,128364.33333333333
85,8503,2009,2,4,0,4,0,0,0,0,0,0,2,1,0,0,1,0,0,0,0,0,0,0,0,0,0,0,0.5032098763888889,20,1,70,18.01,0.688,0.53,133.23333333333332,7.3100000000000005,338808.3333333333,128410
85,8503,2009,3,0,0,0,0,0,0,0,0,0,2,3,0,4,7,0,0,0,0,0,0,0,0,0,0,0,0.5862962777777778,18.333333333333332,1,60,14.203333333333333,1.545,1.23,165.96666666666667,6.63,338808.3333333333,128410
85,8503,2010,1,0,0,0,0,0,0,0,0,0,0,0,0,0,0,0,0,0,0,0,0,0,0,0,0,0,0,0,1,100,13.72666667,1.486,1.18,170.7,7.263333333,338808.3333333333,128410
85,8503,2010,2,3,1,2,0,0,0,0,0,0,0,0,0,0,0,0,0,0,0,0,0,0,0,0,0,0,0,40,1,31.666666666666668,20.36,1.099666667,0.856666667,116.5,8.5,338808.3333333333,128410
85,8503,2010,3,0,0,0,0,0,0,0,0,0,0,0,0,0,0,0,0,0,0,0,0,0,0,0,0,0,0,50.833333333333336,1,20.833333333333332,18.72666667,1.522666667,1.21,128.1333333,5,338808.3333333333,128410
85,8503,2011,1,1,0,0,0,1,0,0,0,0,0,12,1,4,0,0,0,0,0,0,0,2,0,0,0,9,0.032037036944444444,25.833333333333332,1,53.333333333333336,15.129999999999999,1.1219999999999999,0.8766666666666667,157.33333333333331,5.105,338808.3333333333,128410
85,8504,2009,2,0,0,0,0,0,0,0,0,0,6,5,0,0,7,0,0,0,0,0,0,0,0,0,0,0,0.5098765430555555,60,1,43.333333333333336,16.653333333333332,0.45833333333333337,0.3466666666666667,143.93333333333334,6.246666666666667,339071.1666666667,128174.5
85,8504,2009,3,0,0,0,0,0,0,0,0,0,10,0,8,0,0,4,0,0,0,0,0,0,0,0,0,0,0.35858024666666666,53.333333333333336,1,10.462962916666667,14.123333333333333,0.42733333333333334,0.32,167.2,7.236666666666666,339071.1666666667,128174.5
85,8504,2010,1,4,0,1,0,0,3,0,0,0,0,0,0,0,0,0,0,0,0,0,0,0,0,0,0,0,0,40,1,73.33333333333333,11.36666667,1.924,0.373333333,198.7666667,6.946666667,339071.1666666667,128174.5
85,8504,2010,2,0,0,0,0,0,0,0,0,0,0,0,0,0,0,0,0,0,0,0,0,0,0,0,0,0,0,68.33333333333333,1,61.666666666666664,17.65,0.381666667,0.29,138.8333333,7,339071.1666666667,128174.5
85,8504,2010,3,0,0,0,0,0,0,0,0,0,0,0,0,0,0,0,0,0,0,0,0,0,0,0,0,0,0,76.66666666666667,1,60,18.3,0.383,0.29,131.1333333,5.5,339071.1666666667,128174.5
85,8504,2011,1,0,0,0,0,0,0,0,0,0,0,0,3,2,0,0,0,0,0,0,0,0,0,0,0,8,0.4348456786111111,55,1,50,14.306666666666667,0.48133333333333334,0.3666666666666667,165.23333333333332,4.843333333333334,339071.1666666667,128174.5
86,8601,2009,2,0,0,0,0,0,0,0,0,0,4,0,0,0,0,0,0,0,0,0,0,0,0,0,0,0,0.9807407405555556,54.166666666666664,3,NaN,19.176666666666666,0.43166666666666664,0.32333333333333336,124.86666666666667,6.22,337153.3333333333,130169.16666666667
86,8601,2009,3,0,0,0,0,0,0,0,0,0,0,0,0,2,0,0,0,0,0,0,0,0,0,0,0,0,1,61.666666666666664,3,36.666666666666664,17.303333333333335,0.45466666666666666,0.3433333333333333,139.2,5.126666666666667,337153.3333333333,130169.16666666667
86,8601,2010,1,0,0,0,0,0,0,0,0,0,0,0,0,0,0,0,0,0,0,0,0,0,0,0,0,0,0,NaN,3,23.333333333333332,12.08666667,0.502666667,0.38,188.4,6.47,337153.3333333333,130169.16666666667
86,8601,2010,2,1,0,0,1,0,0,0,0,0,0,0,0,0,0,0,0,0,0,0,0,0,0,0,0,0,0,80,3,31.666666666666668,18.49,0.579666667,0.443333333,129.9,5.813333333,337153.3333333333,130169.16666666667
86,8601,2010,3,0,0,0,0,0,0,0,0,0,0,0,0,0,0,0,0,0,0,0,0,0,0,0,0,0,0,89.16666666666667,3,24.166666666666668,17.2,0.433333333,0.326666667,139.7,6,337153.3333333333,130169.16666666667
86,8601,2011,1,1,0,0,1,0,0,0,0,0,1,1,0,0,0,1,0,0,0,0,0,0,0,0,0,2,0.036481481111111116,66.66666666666667,3,36.666666666666664,14.17,0.5443333333333333,0.41333333333333333,166.33333333333334,3.925,337153.3333333333,130169.16666666667
86,8602,2009,2,130,0,0,0,127,3,0,0,0,1,0,0,1,0,0,0,0,0,0,0,0,0,0,0,0,0.38382716,95,3,NaN,19.44,0.293,0.21666666666666667,122.9,6.736666666666666,337041.3333333333,130167.66666666667
86,8602,2009,3,0,0,0,0,0,0,0,0,0,0,0,0,0,0,0,0,0,0,0,0,0,0,0,0,0,0.9416666666666665,90,3,8.333333333333334,17.045,0.4455,0.335,140.89999999999998,6.115,337041.3333333333,130167.66666666667
86,8602,2010,1,0,0,0,0,0,0,0,0,0,0,0,0,0,0,0,0,0,0,0,0,0,0,0,0,0,0,NaN,3,25,13.92,0.412,0.31,169.1,6.526666667,337041.3333333333,130167.66666666667
86,8602,2010,2,0,0,0,0,0,0,0,0,0,0,0,0,0,0,0,0,0,0,0,0,0,0,0,0,0,0,85,3,19.166666666666668,19.56,0.519333333,0.393333333,122.3,5.53,337041.3333333333,130167.66666666667
86,8602,2010,3,12,0,0,1,11,0,0,0,0,0,0,0,0,0,0,0,0,0,0,0,0,0,0,0,0,0,91.66666666666667,3,7.833333333333333,19.88666667,0.528,0.42,119.9666667,6.5,337041.3333333333,130167.66666666667
86,8602,2011,1,3,0,0,3,0,0,0,0,0,93,1,0,5,0,0,0,0,0,0,0,0,0,0,0,0,0.31962962944444445,81.66666666666667,3,25,16.686666666666667,0.5153333333333333,0.39,143.73333333333335,4.505,337041.3333333333,130167.66666666667
86,8603,2009,2,126,0,0,1,90,35,0,0,0,0,0,0,0,0,0,0,0,0,0,0,0,0,0,0,0,0.47370370361111114,50,3,NaN,17.363333333333333,0.35533333333333333,0.27,138.33333333333334,6.36,336932.8333333333,130101.16666666667
86,8603,2009,3,32,0,0,4,3,25,0,0,0,0,0,0,0,0,0,0,0,0,0,0,0,0,0,0,0,0.625,90,3,15.925925916666667,17.523333333333333,0.435,0.31333333333333335,137.06666666666666,6.3500000000000005,336932.8333333333,130101.16666666667
86,8603,2010,1,0,0,0,0,0,0,0,0,0,0,0,0,0,0,0,0,0,0,0,0,0,0,0,0,0,0,NaN,3,11.666666666666666,11.79666667,0.347666667,0.26,191.4666667,6.37,336932.8333333333,130101.16666666667
86,8603,2010,2,27,0,0,1,0,26,0,0,0,0,0,0,0,0,0,0,0,0,0,0,0,0,0,0,0,0,80,3,24.5,17.705,0.368,0.275,135.8,6.385,336932.8333333333,130101.16666666667
86,8603,2010,3,0,0,0,0,0,0,0,0,0,0,0,0,0,0,0,0,0,0,0,0,0,0,0,0,0,0,93.33333333333333,3,4,17.62,1.205333333,0.986666667,136.7666667,5.5,336932.8333333333,130101.16666666667
86,8603,2011,1,0,0,0,0,0,0,0,0,0,3,0,0,7,0,0,0,0,0,0,0,1,0,0,0,0,0.16555555527777777,75,3,25,15.47,0.6056666666666667,0.4666666666666667,154.26666666666668,4.363333333333333,336932.8333333333,130101.16666666667
86,8604,2009,2,73,0,0,17,3,53,0,0,0,0,0,2,0,0,0,5,0,0,0,0,0,0,0,0,0,0.6138888888888888,80,3,25.833333333333332,17.12,0.4180333333333333,0.30666666666666664,140.53333333333333,5.996666666666667,337041.3333333333,129968.16666666667
86,8604,2009,3,13,0,0,1,0,12,0,0,0,0,0,0,0,0,0,0,0,0,0,0,0,0,0,0,0,0.6916666666666668,90,3,14.166666666666666,16.130000000000003,0.29866666666666664,0.22,145.13333333333333,6.206666666666667,337041.3333333333,129968.16666666667
86,8604,2010,1,0,0,0,0,0,0,0,0,0,0,0,0,0,0,0,0,0,0,0,0,0,0,0,0,0,0,80,3,13.333333333333334,11.45,0.587666667,0.446666667,197.7333333,6.476666667,337041.3333333333,129968.16666666667
86,8604,2010,2,15,0,0,0,0,15,0,0,0,0,0,0,0,0,0,0,0,0,0,0,0,0,0,0,0,0,95,3,20,16.58333333,0.458,0.346666667,144.7666667,6.5,337041.3333333333,129968.16666666667
86,8604,2010,3,89,0,0,1,4,84,0,0,0,0,0,0,0,0,0,0,0,0,0,0,0,0,0,0,0,0,79.5,3,20,18.01,0.399,0.296666667,133.3,6,337041.3333333333,129968.16666666667
86,8604,2011,1,1,0,0,1,0,0,0,0,0,9,1,2,1,0,0,0,0,0,0,0,0,0,0,0,0,0.14598765416666665,76.66666666666667,3,31.666666666666668,14.923333333333334,0.526,0.4,159.36666666666667,4.278333333333333,337041.3333333333,129968.16666666667
87,8701,2009,2,0,0,0,0,0,0,0,0,0,0,0,0,0,1,0,0,0,0,0,0,2,0,0,0,0,1,20,3,NaN,25.333333333333332,NaN,NaN,NaN,6.5,348117.3333333333,141695.33333333334
87,8701,2009,3,0,0,0,0,0,0,0,0,0,0,0,2,0,0,0,0,0,0,0,0,0,0,0,0,0,0.9944444444444445,25,3,42.5,13.436666666666667,0.37566666666666665,0.2833333333333333,173.56666666666666,6.68,348117.3333333333,141695.33333333334
87,8701,2010,1,0,0,0,0,0,0,0,0,0,0,0,0,0,0,0,0,0,0,0,0,0,0,0,0,0,0,0,3,73.33333333333333,13.83,0.558,0.426666667,169.8,7.583333333,348117.3333333333,141695.33333333334
87,8701,2010,2,0,0,0,0,0,0,0,0,0,0,0,0,0,0,0,0,0,0,0,0,0,0,0,0,0,0,25,3,27.5,20.22333333,0.455333333,0.326666667,116.9666667,5.92,348117.3333333333,141695.33333333334
87,8701,2010,3,0,0,0,0,0,0,0,0,0,0,0,0,0,0,0,0,0,0,0,0,0,0,0,0,0,0,6.666666666666667,3,37.5,17.22333333,0.215,0.156666667,139.5,6.68,348117.3333333333,141695.33333333334
87,8701,2011,1,0,0,0,0,0,0,0,0,0,0,0,0,4,1,0,0,0,0,0,0,0,0,0,0,1,0.009814814722222223,56.666666666666664,3,40,11.403333333333332,0.5583333333333333,0.42333333333333334,196.1,2.7066666666666666,348117.3333333333,141695.33333333334
87,8702,2009,2,0,0,0,0,0,0,0,0,0,4,0,6,0,0,0,0,0,0,0,0,0,6,0,0,0,1,25,3,NaN,23.333333333333332,NaN,NaN,NaN,5.833333333333333,347992.6666666667,141856.66666666666
87,8702,2009,3,0,0,0,0,0,0,0,0,0,2,4,1,0,2,0,0,0,0,0,0,0,0,0,0,0,0.3543827158333333,27.5,3,50,13.51,0.31866666666666665,0.24,173.03333333333333,6.66,347992.6666666667,141856.66666666666
87,8702,2010,1,0,0,0,0,0,0,0,0,0,0,0,0,0,0,0,0,0,0,0,0,0,0,0,0,0,0,0,3,95,12.59666667,0.327666667,0.243333333,182.6666667,7.276666667,347992.6666666667,141856.66666666666
87,8702,2010,2,0,0,0,0,0,0,0,0,0,0,0,0,0,0,0,0,0,0,0,0,0,0,0,0,0,0,27.5,3,66.66666666666667,18.08666667,0.432333333,0.323333333,132.8666667,8,347992.6666666667,141856.66666666666
87,8702,2010,3,0,0,0,0,0,0,0,0,0,0,0,0,0,0,0,0,0,0,0,0,0,0,0,0,0,0,39,3,83.33333333333333,15.66666667,0.276,0.206666667,152.5666667,6.656666667,347992.6666666667,141856.66666666666
87,8702,2011,1,0,0,0,0,0,0,0,0,0,0,7,2,2,1,0,0,0,0,0,0,0,0,0,0,0,0.0056172838888888885,13.333333333333334,3,81.66666666666667,12.536666666666667,0.42233333333333334,0.32,183.23333333333332,3.395,347992.6666666667,141856.66666666666
87,8703,2009,2,0,0,0,0,0,0,0,0,0,4,0,0,3,0,0,0,0,0,0,0,0,0,0,0,0,1,20,3,NaN,23,NaN,NaN,NaN,6,347793,141844.16666666666
87,8703,2009,3,0,0,0,0,0,0,0,0,0,2,0,1,0,0,0,0,0,0,2,0,1,0,0,0,0,0.4667901233333333,51.666666666666664,3,60,13.613333333333333,0.3853333333333333,0.2733333333333333,171.83333333333334,6.653333333333333,347793,141844.16666666666
87,8703,2010,1,0,0,0,0,0,0,0,0,0,0,0,0,0,0,0,0,0,0,0,0,0,0,0,0,0,0,NaN,3,86.66666666666667,12.87333333,0.337333333,0.253333333,179.7333333,7.153333333,347793,141844.16666666666
87,8703,2010,2,0,0,0,0,0,0,0,0,0,0,0,0,0,0,0,0,0,0,0,0,0,0,0,0,0,0,23.333333333333332,3,38.333333333333336,18.45,0.413666667,0.313333333,131,6.006666667,347793,141844.16666666666
87,8703,2010,3,3,0,1,2,0,0,0,0,0,0,0,0,0,0,0,0,0,0,0,0,0,0,0,0,0,0,58.333333333333336,3,50.833333333333336,15.89,0.185,0.133333333,150.7333333,6.653333333,347793,141844.16666666666
87,8703,2011,1,0,0,0,0,0,0,0,0,0,4,0,0,1,0,0,0,0,2,0,0,0,0,0,0,0,0.01129629611111111,15.833333333333334,3,66.66666666666667,15.31,0.41233333333333333,0.31,155.83333333333334,4.155,347793,141844.16666666666
87,8704,2009,2,0,0,0,0,0,0,0,0,0,10,0,0,0,0,0,0,0,0,0,0,0,0,0,0,0,1,10,3,NaN,23,NaN,NaN,NaN,6.166666666666667,347836.5,141623.83333333334
87,8704,2009,3,0,0,0,0,0,0,0,0,0,5,1,3,0,9,0,0,0,0,0,0,2,0,0,0,0,0.9696913577777778,20,3,85,13.796666666666667,0.368,0.2733333333333333,170.03333333333333,6.953333333333333,347836.5,141623.83333333334
87,8704,2010,1,0,0,0,0,0,0,0,0,0,0,0,0,0,0,0,0,0,0,0,0,0,0,0,0,0,0,5,3,80,14.973333330000001,0.471666667,0.356666667,158.7333333,7.213333333,347836.5,141623.83333333334
87,8704,2010,2,0,0,0,0,0,0,0,0,0,0,0,0,0,0,0,0,0,0,0,0,0,0,0,0,0,0,10,3,42.5,19.37,0.476666667,0.36,123.6333333,5.86,347836.5,141623.83333333334
87,8704,2010,3,0,0,0,0,0,0,0,0,0,0,0,0,0,0,0,0,0,0,0,0,0,0,0,0,0,0,9.166666666666666,3,57.5,17.72666667,0.152,0.11,135.4666667,6.786666667,347836.5,141623.83333333334
87,8704,2011,1,0,0,0,0,0,0,0,0,0,2,0,1,0,0,0,0,0,0,0,0,0,0,0,0,0,0.0014197530555555558,36.666666666666664,3,55,13.033333333333333,0.30733333333333335,0.23,178,2.9299999999999997,347836.5,141623.83333333334
88,8801,2009,2,51,7,0,0,10,34,0,0,0,4,0,0,0,0,0,0,0,0,0,0,0,0,0,0,0,0.95,55,1,NaN,18.416666666666668,NaN,NaN,NaN,5.833333333333333,346024.8333333333,151986.83333333334
88,8801,2009,3,41,0,0,10,4,27,0,0,0,0,0,1,0,0,0,0,0,0,0,0,0,0,0,0,0,0.7666666666666667,100,1,10,13.156666666666666,0.489,0.37,176.26666666666665,7.236666666666666,346024.8333333333,151986.83333333334
88,8801,2010,1,2,0,0,0,2,0,0,0,0,0,0,0,0,0,0,0,0,0,0,0,0,0,0,0,0,0,18.333333333333332,1,20.833333333333332,12.98666667,0.495666667,0.376666667,178.2666667,7.44,346024.8333333333,151986.83333333334
88,8801,2010,2,0,0,0,0,0,0,0,0,0,0,0,0,0,0,0,0,0,0,0,0,0,0,0,0,0,0,40,1,30,16.47666667,0.330666667,0.28,145.6333333,8,346024.8333333333,151986.83333333334
88,8801,2010,3,0,0,0,0,0,0,0,0,0,0,0,0,0,0,0,0,0,0,0,0,0,0,0,0,0,0,38.333333333333336,1,41.666666666666664,16.45666667,0.329666667,0.246666667,145.8666667,7.236666667,346024.8333333333,151986.83333333334
88,8801,2011,1,0,0,0,0,0,0,0,0,0,0,0,0,0,0,0,0,0,0,0,0,0,0,0,0,0,0,71.66666666666667,1,30,12.133333333333333,0.4503333333333333,0.33666666666666667,189.13333333333333,3.0783333333333336,346024.8333333333,151986.83333333334
88,8802,2009,2,0,0,0,0,0,0,0,0,0,0,0,0,0,0,0,0,0,0,0,0,0,0,0,0,0,0.21666666666666667,60,1,NaN,20.75,NaN,NaN,NaN,6.5,345909.5,151862
88,8802,2009,3,0,0,0,0,0,0,0,0,0,0,0,0,1,0,0,0,0,0,0,0,0,0,0,0,0,0.7861111111111111,100,1,5,12.963333333333333,0.6963333333333332,0.5333333333333333,178.63333333333333,7.196666666666666,345909.5,151862
88,8802,2010,1,0,0,0,0,0,0,0,0,0,0,0,0,0,0,0,0,0,0,0,0,0,0,0,0,0,0,16.666666666666668,1,19.166666666666668,11.53333333,0.594333333,0.453333333,194.7333333,7.133333333,345909.5,151862
88,8802,2010,2,0,0,0,0,0,0,0,0,0,0,0,0,0,0,0,0,0,0,0,0,0,0,0,0,0,0,98,1,33,15.62333333,0.3695,0.265,154.55,6.5,345909.5,151862
88,8802,2010,3,0,0,0,0,0,0,0,0,0,0,0,0,0,0,0,0,0,0,0,0,0,0,0,0,0,0,85,1,31.666666666666668,15.41,0.386333333,0.29,155.3333333,7.196666667,345909.5,151862
88,8802,2011,1,0,0,0,0,0,0,0,0,0,0,0,0,0,0,0,0,0,0,0,0,0,0,0,0,0,0,61.666666666666664,1,30,13.48,0.45966666666666667,0.35,173.33333333333334,3.3916666666666666,345909.5,151862
88,8803,2009,2,0,0,0,0,0,0,0,0,0,1,0,0,0,0,0,0,0,0,0,0,0,0,0,0,0,0.8833333333333333,5,1,NaN,25.666666666666668,NaN,NaN,NaN,8.666666666666666,345941,151786.16666666666
88,8803,2009,3,0,0,0,0,0,0,0,0,0,2,0,1,1,0,0,0,0,0,0,0,0,0,0,0,0,0.06135802444444445,5,1,NaN,15.093333333333334,0.457,0.3433333333333333,157.66666666666666,7.89,345941,151786.16666666666
88,8803,2010,1,0,0,0,0,0,0,0,0,0,0,0,0,0,0,0,0,0,0,0,0,0,0,0,0,0,0,0,1,100,13.45,0.437333333,0.326666667,173.4333333,7.82,345941,151786.16666666666
88,8803,2010,2,0,0,0,0,0,0,0,0,0,0,0,0,0,0,0,0,0,0,0,0,0,0,0,0,0,0,2.5555555,1,100,18.81666667,0.327333333,0.246666667,127.3666667,8.666666667,345941,151786.16666666666
88,8803,2010,3,0,0,0,0,0,0,0,0,0,0,0,0,0,0,0,0,0,0,0,0,0,0,0,0,0,0,2.5555555,1,120,17.83666667,0.385666667,0.29,135.3333333,7.89,345941,151786.16666666666
88,8803,2011,1,0,0,0,0,0,0,0,0,0,0,0,0,0,0,0,0,0,0,0,0,0,0,0,0,0,0,5,1,NaN,15.116666666666667,0.404,0.3,157.3,3.68,345941,151786.16666666666
88,8804,2009,2,0,0,0,0,0,0,0,0,0,1,0,0,0,0,0,0,0,0,0,0,0,0,0,0,0,0.5,100,1,NaN,20.5,NaN,NaN,NaN,6.666666666666667,346228.8333333333,151813.16666666666
88,8804,2009,3,0,0,0,0,0,0,0,0,0,0,0,0,0,0,0,0,0,0,0,0,0,0,0,0,0,0.2611728394444444,100,1,5.037037,13.563333333333334,0.49566666666666664,0.37666666666666665,172.36666666666667,7.3966666666666665,346228.8333333333,151813.16666666666
88,8804,2010,1,30,0,0,0,30,0,0,0,0,0,0,0,0,0,0,0,0,0,0,0,0,0,0,0,0,0,NaN,1,51.666666666666664,13.45,0.489333333,0.373333333,173.4666667,7.973333333,346228.8333333333,151813.16666666666
88,8804,2010,2,0,0,0,0,0,0,0,0,0,0,0,0,0,0,0,0,0,0,0,0,0,0,0,0,0,0,80.83333333333333,1,66.66666666666667,18.63,0.220333333,0.163333333,129.9,7.25,346228.8333333333,151813.16666666666
88,8804,2010,3,0,0,0,0,0,0,0,0,0,0,0,0,0,0,0,0,0,0,0,0,0,0,0,0,0,0,95,1,63.333333333333336,17.42333333,0.301666667,0.223333333,137.9333333,7.563333333,346228.8333333333,151813.16666666666
88,8804,2011,1,2,0,0,2,0,0,0,0,0,0,0,0,0,0,0,0,0,0,0,0,0,0,0,0,0,0,59.166666666666664,1,65,14.17,0.353,0.2633333333333333,166.5,3.556666666666667,346228.8333333333,151813.16666666666
89,8901,2009,2,0,0,0,0,0,0,0,0,0,0,0,1,0,0,0,0,0,0,0,0,2,0,0,0,0,1,25,3,NaN,24.333333333333332,NaN,NaN,NaN,6,341367.3333333333,145660.16666666666
89,8901,2009,3,2,0,0,0,1,1,0,0,0,0,2,5,3,1,0,0,0,0,0,0,0,0,0,0,0,0.8219753086111112,26.666666666666668,3,45.833333333333336,15.23,0.5213333333333333,0.39666666666666667,156.36666666666667,7.0200000000000005,341367.3333333333,145660.16666666666
89,8901,2010,1,0,0,0,0,0,0,0,0,0,0,0,0,0,0,0,0,0,0,0,0,0,0,0,0,0,0,0,3,93.33333333333333,12.82666667,0.523666667,0.4,180.0333333,7.316666667,341367.3333333333,145660.16666666666
89,8901,2010,2,0,0,0,0,0,0,0,0,0,0,0,0,0,0,0,0,0,0,0,0,0,0,0,0,0,0,46.666666666666664,3,66.66666666666667,19.87333333,0.574666667,0.436666667,120.2,8,341367.3333333333,145660.16666666666
89,8901,2010,3,0,0,0,0,0,0,0,0,0,0,0,0,0,0,0,0,0,0,0,0,0,0,0,0,0,0,NaN,3,NaN,NaN,NaN,NaN,NaN,NaN,341367.3333333333,145660.16666666666
89,8901,2011,1,0,0,0,0,0,0,0,0,0,0,1,1,3,0,0,0,0,0,0,0,0,0,0,0,0,0.049012345277777786,7.5,3,93.33333333333333,17.48,0.5843333333333333,0.44666666666666666,137.43333333333334,3.6933333333333334,341367.3333333333,145660.16666666666
89,8902,2009,2,0,0,0,0,0,0,0,0,0,0,0,2,0,1,0,0,0,0,0,0,1,0,0,0,0,0.9948148144444444,20,3,NaN,25.666666666666668,NaN,NaN,NaN,6.5,341391.1666666667,145763.16666666666
89,8902,2009,3,0,0,0,0,0,0,0,0,0,0,0,3,2,2,0,0,0,0,0,0,0,0,0,0,0,0.31679012333333334,17.5,3,60,15.556666666666667,0.5383333333333333,0.41,153.43333333333334,7.45,341391.1666666667,145763.16666666666
89,8902,2010,1,0,0,0,0,0,0,0,0,0,0,0,0,0,0,0,0,0,0,0,0,0,0,0,0,0,0,0,3,50,12.83333333,0.429,0.323333333,179.9,7.266666667,341391.1666666667,145763.16666666666
89,8902,2010,2,0,0,0,0,0,0,0,0,0,0,0,0,0,0,0,0,0,0,0,0,0,0,0,0,0,0,6.685185166666667,3,70.83333333333333,17.79333333,0.523333333,0.396666667,134.5333333,8,341391.1666666667,145763.16666666666
89,8902,2010,3,0,0,0,0,0,0,0,0,0,0,0,0,0,0,0,0,0,0,0,0,0,0,0,0,0,0,27.5,3,73.33333333333333,17.72666667,0.475,0.356666667,135.4333333,7.45,341391.1666666667,145763.16666666666
89,8902,2011,1,0,0,0,0,0,0,0,0,0,1,0,0,3,0,0,0,0,0,0,0,0,0,0,0,0,0.039197530555555554,5,3,NaN,17.573333333333334,0.5373333333333333,0.41,136.63333333333333,4.138333333333333,341391.1666666667,145763.16666666666
89,8903,2009,2,1,0,0,0,0,1,0,0,0,0,0,0,0,0,0,0,0,0,0,0,0,0,0,0,0,0.8111111111111111,80,3,NaN,21.333333333333332,NaN,NaN,NaN,5.666666666666667,341124.3333333333,145631
89,8903,2009,3,1,0,0,0,0,1,0,0,0,0,0,0,0,0,0,0,0,0,0,0,0,0,0,0,0,0.5931481480555556,94.16666666666667,3,0,14.803333333333333,0.5623333333333334,0.42666666666666664,160.23333333333335,6.776666666666666,341124.3333333333,145631
89,8903,2010,1,0,0,0,0,0,0,0,0,0,0,0,0,0,0,0,0,0,0,0,0,0,0,0,0,0,0,0,3,63.333333333333336,12.61,0.515666667,0.393333333,182.3,7.42,341124.3333333333,145631
89,8903,2010,2,1,0,1,0,0,0,0,0,0,0,0,0,0,0,0,0,0,0,0,0,0,0,0,0,0,0,5.444444416666666,3,51.666666666666664,19.05333333,0.341,0.28,125.8,7.25,341124.3333333333,145631
89,8903,2010,3,1,0,1,0,0,0,0,0,0,0,0,0,0,0,0,0,0,0,0,0,0,0,0,0,0,0,33.333333333333336,3,39.166666666666664,17.00666667,0.623,0.476666667,141.4,6.776666667,341124.3333333333,145631
89,8903,2011,1,0,0,0,0,0,0,0,0,0,5,0,0,7,1,1,0,0,1,0,0,0,0,0,0,0,0.07981481416666666,71.66666666666667,3,80,15.686666666666666,0.479,0.36333333333333334,157.13333333333333,3.4183333333333334,341124.3333333333,145631
89,8904,2009,2,1,0,0,1,0,0,0,0,0,0,0,0,10,2,0,0,0,0,0,0,0,0,0,0,0,0.45555555555555555,60,3,NaN,23.666666666666668,NaN,NaN,NaN,6,341461,145480.66666666666
89,8904,2009,3,5,0,0,5,0,0,0,0,0,1,3,0,9,10,0,0,0,0,0,0,2,0,0,0,0,0.5403703702777778,95,3,9.166666666666666,14.48,0.42166666666666663,0.35,163.23333333333335,6.9799999999999995,341461,145480.66666666666
89,8904,2010,1,0,0,0,0,0,0,0,0,0,0,0,0,0,0,0,0,0,0,0,0,0,0,0,0,0,0,0,3,66.66666666666667,13.50666667,0.423666667,0.32,172.9,7.446666667,341461,145480.66666666666
89,8904,2010,2,0,0,0,0,0,0,0,0,0,0,0,0,0,0,0,0,0,0,0,0,0,0,0,0,0,0,2.5555555,3,35,20.9,0.517,0.393333333,113.4666667,8,341461,145480.66666666666
89,8904,2010,3,0,0,0,0,0,0,0,0,0,0,0,0,0,0,0,0,0,0,0,0,0,0,0,0,0,0,2.5555555,3,40,19.32,0.542666667,0.413333333,123.9666667,6.98,341461,145480.66666666666
89,8904,2011,1,0,0,0,0,0,0,0,0,0,0,0,0,0,1,0,0,0,0,0,0,0,0,0,0,0,0.028086419444444444,5.833333333333333,3,95,16.996666666666666,0.5533333333333333,0.42,141.2,4.275,341461,145480.66666666666
90,9001,2009,2,1,0,1,0,0,0,0,0,0,0,0,1,0,0,0,0,0,0,0,0,0,0,0,0,0,0.3822839502777778,18.333333333333332,3,NaN,28.466666666666665,NaN,0.4066666666666667,76.66666666666667,7.5200000000000005,338189.3333333333,135924.33333333334
90,9001,2009,3,0,0,0,0,0,0,0,0,0,1,0,1,1,0,0,0,0,0,1,0,0,0,0,0,0,0.31851851805555553,22.5,3,78,16.04,0.4166666666666667,0.31,149.73333333333332,7.153333333333333,338189.3333333333,135924.33333333334
90,9001,2010,1,0,0,0,0,0,0,0,0,0,0,0,0,0,0,0,0,0,0,0,0,0,0,0,0,0,0.033765431666666665,0,3,81.66666666666667,15.28333333,0.518666667,0.39,155.9,7.13,338189.3333333333,135924.33333333334
90,9001,2010,2,2,0,2,0,0,0,0,0,0,2,19,0,3,2,0,0,0,0,1,0,0,0,0,0,0,0.046543209166666676,0,3,57.5,24.26,0.754666667,0.576666667,94.53333333,7.52,338189.3333333333,135924.33333333334
90,9001,2010,3,0,0,0,0,0,0,0,0,0,0,1,0,1,5,0,0,0,0,0,0,0,0,0,0,1,0.0543209875,10,3,49.166666666666664,23.18666667,0.509,0.383333333,98.5,7,338189.3333333333,135924.33333333334
90,9001,2011,1,0,0,0,0,0,0,0,0,0,0,0,0,1,1,0,0,0,0,0,0,0,0,0,0,0,0.03765432083333334,15,3,65,20.310000000000002,0.5513333333333333,0.4166666666666667,117.2,4.026666666666666,338189.3333333333,135924.33333333334
90,9002,2009,2,4,0,4,0,0,0,0,0,0,0,0,3,0,3,3,0,0,0,0,0,0,0,0,0,0,0.7666666666666667,35,3,NaN,25.618,NaN,0.31666666666666665,82.76666666666667,7.28,338399.3333333333,135773.16666666666
90,9002,2009,3,2,0,1,1,0,0,0,0,0,1,0,2,0,16,0,0,0,0,0,0,0,0,0,0,0,0.40858024666666665,66.66666666666667,3,33.333333333333336,15.493333333333334,0.5163333333333333,0.39,155.8,6.8966666666666665,338399.3333333333,135773.16666666666
90,9002,2010,1,0,0,0,0,0,0,0,0,0,0,1,0,0,10,1,0,0,0,0,0,0,0,0,0,2,0.11592592527777779,0,3,58.333333333333336,13.4,0.840333333,0.65,174.1333333,7.003333333,338399.3333333333,135773.16666666666
90,9002,2010,2,0,0,0,0,0,0,0,0,0,0,1,0,3,0,0,0,0,16,0,0,0,0,0,0,0,0.10555555555555556,NaN,3,38.333333333333336,20.65,0.638333333,0.486666667,115.9333333,6.426666667,338399.3333333333,135773.16666666666
90,9002,2010,3,0,0,0,0,0,0,0,0,0,1,1,2,2,6,0,0,0,2,0,0,0,0,0,0,2,0.13067901222222222,63.333333333333336,3,20,20.33666667,0.554666667,0.423333333,117.0333333,7.5,338399.3333333333,135773.16666666666
90,9002,2011,1,0,0,0,0,0,0,0,0,0,0,0,1,0,2,0,0,0,0,0,0,0,0,0,0,0,0.11302469083333333,47.5,3,25,15.51,0.7893333333333333,0.61,166.6,2.5233333333333334,338399.3333333333,135773.16666666666
90,9003,2009,2,1,0,1,0,0,0,0,0,0,1,0,0,0,3,0,0,0,0,1,0,0,0,0,0,0,0.3416666666666666,25,3,NaN,28.233333333333334,NaN,0.37666666666666665,77.33333333333333,8.366666666666667,338477.5,136016.33333333334
90,9003,2009,3,4,0,4,0,0,0,0,0,0,0,1,6,0,14,5,0,0,0,0,0,0,0,0,0,0,0.4572839502777778,20.833333333333332,3,60,16.33,0.5126666666666667,0.38666666666666666,149.27333333333334,7.573333333333333,338477.5,136016.33333333334
90,9003,2010,1,0,0,0,0,0,0,0,0,0,0,4,1,0,0,5,0,0,0,0,0,0,0,0,0,0,0.1240123452777778,0,3,96.66666666666667,13.37666667,0.673,0.516666667,174.5666667,6.89,338477.5,136016.33333333334
90,9003,2010,2,1,0,1,0,0,0,0,0,0,1,12,0,2,1,0,0,0,8,0,0,1,0,0,0,0,0.11975308611111112,5,3,50.833333333333336,20.68333333,0.612333333,0.466666667,115.5,5.046666667,338477.5,136016.33333333334
90,9003,2010,3,1,1,0,0,0,0,0,0,0,2,4,2,7,11,0,0,1,0,0,0,0,0,0,0,0,0.14728395055555557,25,3,83.33333333333333,22.49,0.511333333,0.383333333,104.0666667,7.25,338477.5,136016.33333333334
90,9003,2011,1,0,0,0,0,0,0,0,0,0,0,0,2,0,0,0,0,0,0,0,0,0,0,0,0,0,0.1366666661111111,23.333333333333332,3,60,16.533333333333335,0.7363333333333333,0.5533333333333333,142.4,3.145,338477.5,136016.33333333334
90,9004,2009,2,0,0,0,0,0,0,0,0,0,1,0,0,4,4,4,0,0,0,2,0,0,0,0,0,0,0.538888888888889,37.5,3,NaN,23.7,NaN,0.4,98.06666666666666,6.7,338455.8333333333,136100.83333333334
90,9004,2009,3,0,0,0,0,0,0,0,0,0,0,1,0,8,13,0,0,0,0,1,0,1,0,0,0,0,0.8156790119444445,41.666666666666664,3,37.5,14.706666666666667,0.46066666666666667,0.36666666666666664,161.33333333333331,7.193333333333333,338455.8333333333,136100.83333333334
90,9004,2010,1,0,0,0,0,0,0,0,0,0,1,2,0,6,0,1,0,0,0,0,0,0,0,0,0,0,0.29913580194444445,0,3,100,13.22,0.936333333,0.73,175.7666667,6.853333333,338455.8333333333,136100.83333333334
90,9004,2010,2,1,0,1,0,0,0,0,0,0,2,10,4,0,1,0,0,0,0,0,0,0,0,0,0,0,0.30037037,71.66666666666667,3,24.166666666666668,20.50666667,0.670666667,0.513333333,116.3333333,6.37,338455.8333333333,136100.83333333334
90,9004,2010,3,0,0,0,0,0,0,0,0,0,0,1,2,4,6,0,1,0,0,0,0,1,0,0,0,0,0.40154320972222224,65.83333333333333,3,28,20.55333333,0.545333333,0.41,115.6666667,7.5,338455.8333333333,136100.83333333334
90,9004,2011,1,0,0,0,0,0,0,0,0,0,2,0,0,3,1,0,0,0,0,0,0,0,0,0,0,0,0.5116049377777777,68.33333333333333,3,46.666666666666664,14.743333333333334,0.8456666666666667,0.6533333333333333,161.03333333333333,2.9899999999999998,338455.8333333333,136100.83333333334
91,9101,2009,2,274,3,0,0,0,271,0,0,0,0,0,0,0,0,0,0,0,0,0,0,0,0,0,0,0,0,70,3,NaN,17.606666666666666,NaN,0.67,136.56666666666666,5.996666666666666,341461.3333333333,133597
91,9101,2009,3,273,0,1,1,0,271,0,0,0,0,0,0,0,0,0,0,0,0,0,0,0,0,0,0,0,0,80,3,18.333333333333332,14.266666666666667,0.8386666666666667,0.65,165.29999999999998,6.86,341461.3333333333,133597
91,9101,2010,1,13,0,0,0,0,13,0,0,0,0,0,0,0,0,0,0,0,0,0,0,0,0,0,0,0,0,51.666666666666664,3,20,15.95,0.508333333,0.386666667,151.7333333,5.656666667,341461.3333333333,133597
91,9101,2010,2,554,0,0,7,1,546,0,0,0,0,0,0,0,0,0,0,0,0,0,0,0,0,0,0,0,0,100,3,11.666666666666666,15.43,0.794666667,0.613333333,154.6333333,6.066666667,341461.3333333333,133597
91,9101,2010,3,1462,0,0,3,820,639,0,0,0,0,0,0,0,0,0,0,0,0,0,0,0,0,0,0,0,0,53.333333333333336,3,24.166666666666668,16.66666667,0.736333333,0.566666667,143.9666667,7,341461.3333333333,133597
91,9101,2011,1,14,0,0,0,0,14,0,0,0,0,0,0,3,1,0,0,0,0,1,0,0,0,0,0,0,0.10191357999999999,53.333333333333336,3,23.333333333333332,14.186666666666667,0.8976666666666666,0.6966666666666667,166.66666666666666,3.3466666666666667,341461.3333333333,133597
91,9102,2009,2,7,0,7,0,0,0,0,0,0,0,0,0,0,0,0,0,0,0,0,0,0,0,0,0,0,0,20,3,NaN,22.766666666666666,NaN,0.64,102.53333333333333,6.366666666666666,341277.6666666667,133619
91,9102,2009,3,1,0,0,0,0,1,0,0,0,0,0,0,0,0,0,0,0,0,0,0,0,0,0,0,0,0,42.5,3,27.5,16.413333333333334,0.9476666666666667,0.7366666666666667,146.26666666666668,7.286666666666667,341277.6666666667,133619
91,9102,2010,1,0,0,0,0,0,0,0,0,0,0,0,0,0,0,0,0,0,0,0,0,0,0,0,0,0,0,20,3,33.333333333333336,21.9,0.664333333,0.506666667,107.5333333,5.143333333,341277.6666666667,133619
91,9102,2010,2,1,0,0,1,0,0,0,0,0,0,0,0,0,0,0,0,0,0,0,0,0,0,0,0,0,0,5,3,45,20.06,1.073,0.713333333,119.3,6.426666667,341277.6666666667,133619
91,9102,2010,3,1,0,0,0,1,0,0,0,0,0,0,0,0,0,0,0,0,0,0,0,0,0,0,0,0,0,31.666666666666668,3,33.333333333333336,19.98666667,0.598666667,0.456666667,119.4333333,7.5,341277.6666666667,133619
91,9102,2011,1,0,0,0,0,0,0,0,0,0,3,3,6,1,3,0,0,0,0,0,0,0,0,0,0,0,0.2182716047222222,26.666666666666668,3,76.66666666666667,16.22,1.0143333333333333,0.79,147.63333333333333,3.4316666666666666,341277.6666666667,133619
91,9103,2009,2,3,0,3,0,0,0,0,0,0,0,0,0,0,0,0,0,0,0,0,0,0,0,0,0,0,0,80,3,NaN,20.246666666666666,NaN,0.54,117.56666666666666,5.733333333333333,341109.5,133555.33333333334
91,9103,2009,3,0,0,0,0,0,0,0,0,0,0,0,0,0,0,0,0,0,0,0,0,0,0,0,0,0,0,82.5,3,19.166666666666668,16.926666666666666,0.8993333333333333,0.6966666666666667,142.06666666666666,7.1866666666666665,341109.5,133555.33333333334
91,9103,2010,1,0,0,0,0,0,0,0,0,0,0,0,0,0,0,0,0,0,0,0,0,0,0,0,0,0,0,0,3,33.333333333333336,20.17666667,0.763666667,0.586666667,118.1666667,7.106666667,341109.5,133555.33333333334
91,9103,2010,2,0,0,0,0,0,0,0,0,0,0,0,0,0,0,0,0,0,0,0,0,0,0,0,0,0,0,0,3,25,23.85,0.941,0.73,97.4,6.39,341109.5,133555.33333333334
91,9103,2010,3,0,0,0,0,0,0,0,0,0,0,0,0,0,0,0,0,0,0,0,0,0,0,0,0,0,0,5,3,58.333333333333336,20.87,0.624333333,0.563333333,111.3333333,6.5,341109.5,133555.33333333334
91,9103,2011,1,0,0,0,0,0,0,0,0,0,0,3,0,0,1,0,0,0,0,0,0,0,0,0,0,0,0.1114814811111111,10.833333333333334,3,80,17.263333333333335,1.0743333333333334,0.84,139.06666666666666,4.121666666666666,341109.5,133555.33333333334
91,9104,2009,2,0,0,0,0,0,0,0,0,0,0,0,0,0,0,0,0,0,0,0,0,0,0,0,0,0,0,50,3,NaN,21.5,NaN,0.8,109.83333333333334,6,341226.5,133449
91,9104,2009,3,0,0,0,0,0,0,0,0,0,0,0,0,0,0,0,0,0,0,0,0,0,0,0,0,0,0,76.66666666666667,3,NaN,17.996666666666666,0.9693333333333333,0.75,133.43333333333334,7.19,341226.5,133449
91,9104,2010,1,0,0,0,0,0,0,0,0,0,0,0,0,0,0,0,0,0,0,0,0,0,0,0,0,0,0,15,3,20,21.79333333,1.157333333,0.906666667,108.1,5.31,341226.5,133449
91,9104,2010,2,0,0,0,0,0,0,0,0,0,0,0,0,0,0,0,0,0,0,0,0,0,0,0,0,0,0,NaN,3,70,21.25666667,0.937666667,0.723333333,111.7666667,6.996666667,341226.5,133449
91,9104,2010,3,0,0,0,0,0,0,0,0,0,0,0,0,0,0,0,0,0,0,0,0,0,0,0,0,0,0,10,3,68.33333333333333,19.51666667,0.524666667,0.396666667,122.5666667,6,341226.5,133449
91,9104,2011,1,0,0,0,0,0,0,0,0,0,8,1,3,1,0,0,0,0,0,0,0,0,0,0,0,0,0.29444444444444445,7.5,3,NaN,17.80666666666667,1.0343333333333333,0.8066666666666666,135,4.25,341226.5,133449
92,9201,2009,2,0,0,0,0,0,0,0,0,0,3,0,0,0,0,0,0,0,0,0,0,2,0,0,0,0,0.24166666666666667,10,3,NaN,25.333333333333332,NaN,NaN,NaN,7.333333333333333,340190.1666666667,142001.66666666666
92,9201,2009,3,5,0,5,0,0,0,0,0,0,0,2,0,0,39,0,0,0,1,1,0,0,0,0,0,0,0.7042592591666668,14.166666666666666,3,62.5,15.336666666666666,0.3466666666666666,0.26,153.4,6.81,340190.1666666667,142001.66666666666
92,9201,2010,1,0,0,0,0,0,0,0,0,0,1,4,0,0,0,0,0,0,0,0,0,0,0,0,0,3,0.08166666555555556,0,3,90,13.44,0.353666667,0.25,173.5333333,7.5,340190.1666666667,142001.66666666666
92,9201,2010,2,1,0,1,0,0,0,0,0,0,0,0,4,1,7,0,0,0,0,0,0,0,0,0,0,0,0.027777777777777776,2.5555555,3,95,22.08666667,0.493666667,0.37,106.4333333,7,340190.1666666667,142001.66666666666
92,9201,2010,3,0,0,0,0,0,0,0,0,0,0,1,0,4,5,0,0,0,0,0,0,0,0,0,0,0,0.02506172833333333,11.25925925,3,56.666666666666664,18.26666667,0.558333333,0.42,131.5,7.38,340190.1666666667,142001.66666666666
92,9201,2011,1,0,0,0,0,0,0,0,0,0,0,7,4,6,3,2,0,0,0,0,0,2,0,0,0,4,0.2782098761111111,25.833333333333332,3,93.33333333333333,15.853333333333333,0.5106666666666667,0.38666666666666666,150.76666666666668,4.041666666666667,340190.1666666667,142001.66666666666
92,9202,2009,2,0,0,0,0,0,0,0,0,0,0,0,0,0,0,0,0,0,0,0,0,0,0,0,0,0,0.4527777777777778,10,3,NaN,26.166666666666668,NaN,NaN,NaN,6.666666666666667,340286.8333333333,141980.16666666666
92,9202,2009,3,1,0,1,0,0,0,0,0,0,0,0,0,0,42,0,0,0,0,0,0,2,0,0,0,0,0.5486111111111112,NaN,3,45.5,16.09,0.355,0.26333333333333336,151.63333333333333,7.206666666666666,340286.8333333333,141980.16666666666
92,9202,2010,1,0,0,0,0,0,0,0,0,0,3,3,2,1,0,0,0,0,0,0,0,0,0,0,0,1,0.09030864055555556,0,3,76.66666666666667,13.46333333,0.308,0.233333333,173.2666667,7.483333333,340286.8333333333,141980.16666666666
92,9202,2010,2,0,0,0,0,0,0,0,0,0,0,0,0,3,2,0,0,0,0,0,0,0,0,0,0,5,0.011234567777777777,2.5555555,3,72.5,20.93333333,0.488333333,0.366666667,113.3333333,7.5,340286.8333333333,141980.16666666666
92,9202,2010,3,1,0,1,0,0,0,0,0,0,0,0,0,0,10,0,0,0,0,0,0,0,0,0,0,0,0.036234567777777775,9.166666666666666,3,65,17.52666667,0.569,0.433333333,137.2666667,6.506666667,340286.8333333333,141980.16666666666
92,9202,2011,1,0,0,0,0,0,0,0,0,0,0,5,1,2,2,1,0,4,0,0,0,0,0,0,0,2,0.1823456786111111,16.666666666666668,3,100,16.316666666666666,0.371,0.27666666666666667,146.83333333333334,4.321666666666667,340286.8333333333,141980.16666666666
92,9203,2009,2,0,0,0,0,0,0,0,0,0,0,2,0,0,0,0,0,0,0,0,0,0,0,0,0,0,0,5,3,NaN,25.833333333333332,NaN,NaN,NaN,6.166666666666667,340135.6666666667,141851.33333333334
92,9203,2009,3,0,0,0,0,0,0,0,0,0,0,1,0,0,5,0,0,0,0,0,0,0,0,0,0,0,0.20141975305555554,NaN,3,34.5,15.89,0.42533333333333334,0.32,150.8,6.726666666666667,340135.6666666667,141851.33333333334
92,9203,2010,1,2,0,2,0,0,0,0,0,0,3,186,1,1,0,0,0,0,0,0,0,0,0,0,0,15,0.06549382694444444,0,3,200,14.45,0.268666667,0.2,163.4,7.146666667,340135.6666666667,141851.33333333334
92,9203,2010,2,0,0,0,0,0,0,0,0,0,0,0,0,0,0,0,0,0,0,0,0,0,0,0,0,0,0,0,3,27.5,23.99,0.448,0.33,95.9,6,340135.6666666667,141851.33333333334
92,9203,2010,3,0,0,0,0,0,0,0,0,0,0,0,0,0,0,0,0,0,0,0,0,0,0,0,0,0,0,55.0222222,3,65,17.35666667,0.431,0.323333333,138.6333333,6.593333333,340135.6666666667,141851.33333333334
92,9203,2011,1,0,0,0,0,0,0,0,0,0,0,8,0,0,0,0,0,0,0,0,0,0,0,0,0,0,0,20.833333333333332,3,32.5,14.953333333333333,0.3506666666666667,0.2633333333333333,158.79999999999998,3.7533333333333334,340135.6666666667,141851.33333333334
92,9204,2009,2,0,0,0,0,0,0,0,0,0,0,0,0,0,0,0,0,0,0,0,0,0,0,0,0,0,0.4222222222222222,20,3,NaN,23.333333333333332,NaN,NaN,NaN,5.666666666666667,340181,141648.66666666666
92,9204,2009,3,0,0,0,0,0,0,0,0,0,0,3,0,0,19,0,0,0,1,0,1,0,0,0,0,0,0.8459259258333333,NaN,3,NaN,15.196666666666665,0.44366666666666665,0.33333333333333337,156.4,6.956666666666667,340181,141648.66666666666
92,9204,2010,1,0,0,0,0,0,0,0,0,0,0,0,1,0,0,1,0,0,0,0,0,0,0,0,0,0,0.07882715944444445,0,3,100,13.37333333,0.469666667,0.356666667,174.2666667,7.03,340181,141648.66666666666
92,9204,2010,2,0,0,0,0,0,0,0,0,0,0,3,3,16,0,0,0,1,0,0,0,1,0,0,0,18,0.03351851833333333,8.333333333333334,3,106.66666666666667,19.44,0.521,0.393333333,123.3,7,340181,141648.66666666666
92,9204,2010,3,4,0,4,0,0,0,0,0,0,0,1,1,0,5,0,0,0,0,0,0,1,0,0,0,2,0.07364197527777777,26.666666666666668,3,120,17.3,0.562333333,0.43,138.4333333,6.95,340181,141648.66666666666
92,9204,2011,1,0,0,0,0,0,0,0,0,0,4,24,0,9,2,1,0,0,0,0,0,0,0,0,0,0,0.12253086388888888,17.5,3,40,14.216666666666667,0.47933333333333333,0.36333333333333334,165.76666666666668,3.5083333333333333,340181,141648.66666666666
93,9301,2009,2,0,0,0,0,0,0,0,0,0,0,0,0,0,0,0,0,0,0,0,0,0,0,0,0,0,1,100.66666666666667,1,NaN,21.333333333333332,NaN,NaN,NaN,7,337498.5,147107.5
93,9301,2009,3,0,0,0,0,0,0,0,0,0,0,0,0,1,0,0,0,0,0,0,0,0,0,0,0,0,0.9388888888888889,NaN,1,37.5,14.153333333333332,0.7536666666666667,0.5833333333333334,166.1,6.78,337498.5,147107.5
93,9301,2010,1,0,0,0,0,0,0,0,0,0,2,0,3,0,1,0,0,0,0,0,0,0,0,0,2,0,0.6778395061111111,10,1,30,15.25,0.709333333,0.543333333,157.8,7.356666667,337498.5,147107.5
93,9301,2010,2,0,0,0,0,0,0,0,0,0,9,0,0,6,0,0,0,0,0,0,0,0,0,0,0,1,0,6.666666666666667,1,50,16.05,0.370666667,0.28,149.5666667,6.183333333,337498.5,147107.5
93,9301,2010,3,0,0,0,0,0,0,0,0,0,3,0,0,0,1,0,0,0,0,0,0,0,0,0,0,2,0.009876543055555555,5,1,50.833333333333336,15.75333333,0.429666667,0.323333333,151.9,6.78,337498.5,147107.5
93,9301,2011,1,0,0,0,0,0,0,0,0,0,1,0,0,1,1,0,0,0,0,0,0,0,0,0,0,0,0.9195061727777778,11.666666666666666,1,48.333333333333336,14.013333333333334,0.5263333333333333,0.36333333333333334,168.9,2.8766666666666665,337498.5,147107.5
93,9302,2009,2,0,0,0,0,0,0,0,0,0,1,0,0,0,0,0,0,0,0,0,0,0,0,0,0,0,0.5611111111111111,60,1,NaN,19.25,NaN,NaN,NaN,5.5,337452.6666666667,147158.83333333334
93,9302,2009,3,458,0,0,0,346,112,0,0,0,0,0,1,5,0,0,0,0,0,0,0,0,0,0,0,0,0.5638888888888889,NaN,1,34.166666666666664,13.623333333333333,0.9793333333333334,0.7633333333333333,175.33333333333334,6.983333333333333,337452.6666666667,147158.83333333334
93,9302,2010,1,0,0,0,0,0,0,0,0,0,2,0,0,2,0,0,0,0,0,0,0,1,0,0,0,0,0.7417283950000001,29.166666666666668,1,18.333333333333332,13.54666667,1.074333333,0.866666667,174.6,7.51,337452.6666666667,147158.83333333334
93,9302,2010,2,0,0,0,0,0,0,0,0,0,5,4,0,11,0,0,0,0,0,0,0,0,0,0,0,1,0.19833333333333333,87.5,1,45,15.68666667,0.595,0.456666667,152.2666667,9.41,337452.6666666667,147158.83333333334
93,9302,2010,3,0,0,0,0,0,0,0,0,0,4,2,2,4,1,0,0,0,0,0,0,0,0,0,0,0,0.11950617277777777,51.666666666666664,1,28.333333333333332,16.28,0.585,0.446666667,147.5666667,6.983333333,337452.6666666667,147158.83333333334
93,9302,2011,1,0,0,0,0,0,0,0,0,0,3,2,0,5,1,1,0,0,0,0,0,0,0,0,0,0,0.08759259222222221,65,1,41.666666666666664,14.173333333333334,0.7523333333333333,0.58,166.33333333333334,3.7733333333333334,337452.6666666667,147158.83333333334
93,9303,2009,2,0,0,0,0,0,0,0,0,0,7,0,0,1,0,0,0,0,0,0,0,0,0,0,0,0,1,20,1,NaN,22.333333333333332,NaN,NaN,NaN,NaN,337184,146987.5
93,9303,2009,3,0,0,0,0,0,0,0,0,0,1,0,2,0,6,0,0,0,0,0,0,0,0,0,0,0,0.9277777777777778,NaN,1,76.66666666666667,14.733333333333333,0.49233333333333335,0.4416666666666667,160.9,7.166666666666667,337184,146987.5
93,9303,2010,1,0,0,0,0,0,0,0,0,0,10,1,1,3,1,0,0,0,0,0,0,0,0,0,0,0,0.2701234561111111,10,1,61.666666666666664,16.22666667,0.445666667,0.316666667,147.5666667,8.033333333,337184,146987.5
93,9303,2010,2,0,0,0,0,0,0,0,0,0,4,2,3,0,0,0,0,0,0,0,0,1,0,0,0,0,0.008888888888888889,9.166666666666666,1,75,19.54,0.317333333,0.233333333,122.4666667,9.603333333,337184,146987.5
93,9303,2010,3,0,0,0,0,0,0,0,0,0,2,0,0,5,1,0,0,0,0,0,0,0,0,0,0,0,0.04166666666666666,7.5,1,75,19.05333333,0.461,0.346666667,125.8333333,7.166666667,337184,146987.5
93,9303,2011,1,0,0,0,0,0,0,0,0,0,15,4,0,2,0,0,0,0,0,0,0,0,0,0,0,0,0.08524691305555557,5,1,NaN,16.336666666666666,0.444,0.3666666666666667,146.7,4.175000000000001,337184,146987.5
95,9501,2009,2,18,0,0,18,0,0,0,0,0,1,0,1,0,0,0,0,0,0,1,0,0,0,0,0,0,0.5417283949999999,79.16666666666667,1,19,19.509999999999998,1.3253333333333333,1.0433333333333334,123.8,6.376666666666667,352080.5,141499.66666666666
95,9501,2009,3,84,0,0,52,0,32,0,0,0,0,0,0,0,4,0,0,0,0,0,0,0,0,0,0,0,0.7522222222222222,95.83333333333333,1,10,16.1,1.0739999999999998,0.8433333333333334,148.73333333333332,6.726666666666667,352080.5,141499.66666666666
95,9501,2010,1,0,0,0,0,0,0,0,0,0,0,0,0,0,0,0,0,0,0,0,0,0,0,0,0,0,0,36.666666666666664,1,17.166666666666668,13.61333333,0.896666667,0.696666667,172.0333333,9.683333333,352080.5,141499.66666666666
95,9501,2010,2,7,0,2,5,0,0,0,0,0,0,0,0,0,0,0,0,0,0,0,0,0,0,0,0,0,0,47.5,1,7.333333333333333,20.03333333,1.221333333,0.956666667,120.0666667,8.49,352080.5,141499.66666666666
95,9501,2010,3,0,0,0,0,0,0,0,0,0,0,0,0,0,0,0,0,0,0,0,0,0,0,0,0,0,0,19.166666666666668,1,54.166666666666664,17.86,0.980666667,0.763333333,134.5666667,8.426666667,352080.5,141499.66666666666
95,9501,2011,1,1,0,1,0,0,0,0,0,0,12,7,2,0,0,0,0,0,0,0,0,0,0,0,0,0,0.00845679,42.5,1,49.166666666666664,14.15,0.8693333333333333,0.67,163.93333333333334,2.7983333333333333,352080.5,141499.66666666666
95,9502,2009,2,0,0,0,0,0,0,0,0,0,3,0,0,0,3,1,0,0,0,1,0,0,0,0,0,0,0.5237037036111112,34.166666666666664,1,66.66666666666667,17.156666666666666,0.7926666666666667,0.6133333333333333,139.93333333333334,7.02,352164,141367.33333333334
95,9502,2009,3,19,0,0,1,1,17,0,0,0,1,3,0,0,6,0,0,0,0,0,0,0,0,0,0,0,0.8116666666666668,32.5,1,NaN,16.39666666666667,0.5406666666666667,0.41,146.33333333333334,5.873333333333333,352164,141367.33333333334
95,9502,2010,1,0,0,0,0,0,0,0,0,0,0,0,0,0,0,0,0,0,0,0,0,0,0,0,0,0,0,NaN,1,100,12.81666667,0.435333333,0.326666667,180.1333333,9.596666667,352164,141367.33333333334
95,9502,2010,2,0,0,0,0,0,0,0,0,0,0,0,0,0,0,0,0,0,0,0,0,0,0,0,0,0,0,25,1,96.66666666666667,19.37333333,0.809333333,0.623333333,123.4,8.776666667,352164,141367.33333333334
95,9502,2010,3,0,0,0,0,0,0,0,0,0,0,0,0,0,0,0,0,0,0,0,0,0,0,0,0,0,0,28.333333333333332,1,65,17.64333333,0.97,0.753333333,136.1666667,8.173333333,352164,141367.33333333334
95,9502,2011,1,0,0,0,0,0,0,0,0,0,1,12,6,1,0,0,0,0,0,0,0,0,0,0,0,0,0.06580246861111111,34.166666666666664,1,80,14.1,0.877,0.68,167.1,3.4633333333333334,352164,141367.33333333334
95,9503,2009,2,0,0,0,0,0,0,0,0,0,5,4,0,0,4,0,0,0,0,0,0,0,0,0,0,0,0.8043209875000001,24.166666666666668,1,30,20.196666666666665,0.7673333333333333,0.59,118.03333333333333,7.416666666666667,352341.5,141334.16666666666
95,9503,2009,3,0,0,0,0,0,0,0,0,0,1,1,0,0,1,0,0,0,0,0,0,0,0,0,0,0,0.8694444444444446,25,1,20,18.51,0.48666666666666664,0.37,129.9,6.983333333333333,352341.5,141334.16666666666
95,9503,2010,1,3,0,0,0,0,3,0,0,0,0,0,0,0,0,0,0,0,0,0,0,0,0,0,0,0,0,18.75,1,14.166666666666666,15.38333333,0.839666667,0.646666667,155.0666667,9.54,352341.5,141334.16666666666
95,9503,2010,2,0,0,0,0,0,0,0,0,0,0,0,0,0,0,0,0,0,0,0,0,0,0,0,0,0,0,NaN,1,NaN,NaN,NaN,NaN,NaN,NaN,352341.5,141334.16666666666
95,9503,2010,3,1,0,0,0,1,0,0,0,0,0,0,0,0,0,0,0,0,0,0,0,0,0,0,0,0,0,10,1,56.666666666666664,18.08666667,0.941,0.733333333,132.7333333,8.58,352341.5,141334.16666666666
95,9503,2011,1,0,0,0,0,0,0,0,0,0,3,7,8,0,0,0,0,0,0,0,0,0,0,0,0,0,0.08919753055555554,10,1,40.833333333333336,15.303333333333333,0.853,0.66,155.56666666666666,3.8483333333333336,352341.5,141334.16666666666
95,9504,2009,2,0,0,0,0,0,0,0,0,0,10,0,0,0,1,0,0,0,0,0,0,0,0,0,0,0,0.9972839505555555,20,1,72.5,19.10666666666667,0.7853333333333333,0.6033333333333333,125.4,7.943333333333333,352367.3333333333,141227.66666666666
95,9504,2009,3,0,0,0,0,0,0,0,0,0,0,0,0,0,0,0,0,0,0,0,0,0,0,0,0,0,0.24666666666666667,10,1,78,17.38,0.739,0.5666666666666667,138.2,7.316666666666666,352367.3333333333,141227.66666666666
95,9504,2010,1,0,0,0,0,0,0,0,0,0,0,0,0,0,0,0,0,0,0,0,0,0,0,0,0,0,0,0,1,60,13.4,0.937,0.73,173.9666667,9.753333333,352367.3333333333,141227.66666666666
95,9504,2010,2,1,0,1,0,0,0,0,0,0,0,0,0,0,0,0,0,0,0,0,0,0,0,0,0,0,0,10,1,63.333333333333336,20.99,1.071666667,0.833333333,112.9666667,8.233333333,352367.3333333333,141227.66666666666
95,9504,2010,3,0,0,0,0,0,0,0,0,0,0,0,0,0,0,0,0,0,0,0,0,0,0,0,0,0,0,5,1,48.333333333333336,17.74333333,0.95,0.736666667,135.4,8.416666667,352367.3333333333,141227.66666666666
95,9504,2011,1,0,0,0,0,0,0,0,0,0,15,0,0,1,3,0,0,0,0,0,0,0,0,0,0,0,0.10154320972222224,9.166666666666666,1,63.333333333333336,15.813333333333333,0.8903333333333333,0.6933333333333332,151.1,4.095,352367.3333333333,141227.66666666666
96,9601,2009,2,1,0,0,1,0,0,0,0,0,3,0,1,4,0,0,0,0,0,0,0,0,0,0,0,0,0.33611111111111114,95,1,26.666666666666668,14.533333333333333,0.3016666666666667,0.22666666666666668,162.7,7.176666666666667,346398.8333333333,125363.83333333333
96,9601,2009,3,3,0,0,3,0,0,0,0,0,0,0,0,2,0,0,0,0,0,0,0,0,0,0,1,0,0.4172222222222222,99.16666666666667,1,20.5,15.583333333333334,0.24433333333333332,0.18,153.26666666666668,6.803333333333334,346398.8333333333,125363.83333333333
96,9601,2010,1,0,0,0,0,0,0,0,0,0,0,0,0,0,0,0,0,0,0,0,0,0,0,0,0,0,0,63.333333333333336,1,15.833333333333334,11.08333333,0.237333333,0.176666667,199.6,6.926666667,346398.8333333333,125363.83333333333
96,9601,2010,2,0,0,0,0,0,0,0,0,0,0,0,0,0,0,0,0,0,0,0,0,0,0,0,0,0,0,100,1,20.833333333333332,14.94,0.242333333,0.176666667,159,6.41,346398.8333333333,125363.83333333333
96,9601,2010,3,0,0,0,0,0,0,0,0,0,0,0,0,0,0,0,0,0,0,0,0,0,0,0,0,0,0,75,1,16.666666666666668,17.39666667,0.226333333,0.166666667,137.9666667,7,346398.8333333333,125363.83333333333
96,9601,2011,1,0,0,0,0,0,0,0,0,0,1,0,0,0,0,0,0,0,0,0,0,0,0,0,0,0,0.3294444441666667,88.33333333333333,1,16,12.473333333333333,0.193,0.14333333333333334,184.36666666666667,0.7266666666666665,346398.8333333333,125363.83333333333
96,9602,2009,2,0,0,0,0,0,0,0,0,0,9,4,0,0,0,0,0,0,0,0,0,0,0,0,0,0,0.5237037036111111,56.666666666666664,1,32.5,15.776666666666667,0.8756666666666667,0.7,151.56666666666666,7.34,346496.6666666667,125312.33333333333
96,9602,2009,3,0,0,0,0,0,0,0,0,0,0,0,0,0,0,0,0,0,0,0,0,0,0,0,0,0,0.9,95,1,8.333333333333334,16.12,0.7313333333333333,0.56,148.5,7.24,346496.6666666667,125312.33333333333
96,9602,2010,1,0,0,0,0,0,0,0,0,0,0,0,0,0,0,0,0,0,0,0,0,0,0,0,0,0,0,50,1,15.833333333333334,12.81333333,0.998333333,0.78,179.6,7.993333333,346496.6666666667,125312.33333333333
96,9602,2010,2,32,0,0,32,0,0,0,0,0,0,0,0,0,0,0,0,0,0,0,0,0,0,0,0,0,0,85,1,10.5,16.41666667,0.87,0.673333333,145.9666667,6.863333333,346496.6666666667,125312.33333333333
96,9602,2010,3,0,0,0,0,0,0,0,0,0,0,0,0,0,0,0,0,0,0,0,0,0,0,0,0,0,0,84.16666666666667,1,7.5,18.16,0.962666667,0.746666667,132.2666667,8.75,346496.6666666667,125312.33333333333
96,9602,2011,1,0,0,0,0,0,0,0,0,0,1,0,0,0,0,0,0,0,0,0,0,0,0,0,0,0,0.1114814811111111,29.166666666666668,1,36.666666666666664,15.943333333333333,0.942,0.7333333333333333,150.8,3.3033333333333332,346496.6666666667,125312.33333333333
96,9603,2009,2,0,0,0,0,0,0,0,0,0,9,4,0,1,0,0,0,0,0,0,0,0,0,0,0,0,0.5322222219444445,40,1,61.666666666666664,17.736666666666668,0.5366666666666667,0.4066666666666667,135.43333333333334,7.446666666666667,346307.5,125012.16666666667
96,9603,2009,3,0,0,0,0,0,0,0,0,0,0,0,0,2,0,0,0,0,0,0,0,0,0,0,0,0,0.04555555555555555,10,1,31.666666666666668,18.5,0.7416666666666667,0.5733333333333334,129.6,7.715,346307.5,125012.16666666667
96,9603,2010,1,2,0,0,2,0,0,0,0,0,0,0,0,0,0,0,0,0,0,0,0,0,0,0,0,0,0,10,1,46.666666666666664,18.50666667,0.912333333,0.706666667,129.7333333,7.773333333,346307.5,125012.16666666667
96,9603,2010,2,4,0,4,0,0,0,0,0,0,0,0,0,0,0,0,0,0,0,0,0,0,0,0,0,0,0,7.5,1,51.666666666666664,19.90666667,0.465666667,0.35,119.9333333,6.666666667,346307.5,125012.16666666667
96,9603,2010,3,0,0,0,0,0,0,0,0,0,0,0,0,0,0,0,0,0,0,0,0,0,0,0,0,0,0,5,1,56.666666666666664,19.6,0.536333333,0.406666667,122,9.43,346307.5,125012.16666666667
96,9603,2011,1,0,0,0,0,0,0,0,0,0,8,5,0,4,2,0,0,0,0,0,0,0,0,0,0,0,0.2529629627777778,20,1,52.5,17.773333333333333,0.5016666666666667,0.38,135.2,4.14,346307.5,125012.16666666667
96,9604,2009,2,11,0,11,0,0,0,0,0,0,0,6,0,0,0,0,0,0,0,0,0,0,0,0,0,0,0.3890740730555555,15,1,64.16666666666667,19.05,0.387,0.29,125.76666666666667,8.016666666666666,346508.6666666667,125053.83333333333
96,9604,2009,3,0,0,0,0,0,0,0,0,0,7,0,0,4,2,0,0,0,0,0,0,1,0,0,0,0,1,10,1,38.333333333333336,15.81,2.506333333333333,0.4666666666666667,145.5,7.3133333333333335,346508.6666666667,125053.83333333333
96,9604,2010,1,0,0,0,0,0,0,0,0,0,0,0,0,0,0,0,0,0,0,0,0,0,0,0,0,0,0,10,1,63.333333333333336,19.46333333,0.762333333,0.583333333,122.8333333,7.673333333,346508.6666666667,125053.83333333333
96,9604,2010,2,10,0,10,0,0,0,0,0,0,0,0,0,0,0,0,0,0,0,0,0,0,0,0,0,0,0,9.592592583333333,1,58.333333333333336,19.05666667,0.471333333,0.353333333,125.7,6.326666667,346508.6666666667,125053.83333333333
96,9604,2010,3,0,0,0,0,0,0,0,0,0,0,0,0,0,0,0,0,0,0,0,0,0,0,0,0,0,0,23.333333333333332,1,73.33333333333333,19.07333333,0.549333333,0.416666667,124.2433333,8.65,346508.6666666667,125053.83333333333
96,9604,2011,1,0,0,0,0,0,0,0,0,0,8,14,0,0,0,0,0,0,1,0,0,0,0,0,0,0,0.5127777775,20,1,67.5,17.830000000000002,0.476,0.35666666666666663,134.8,4.57,346508.6666666667,125053.83333333333
97,9701,2009,2,1,0,1,0,0,0,0,0,0,3,4,0,0,0,0,0,0,0,0,0,0,0,0,0,0,0.7341975305555556,30,3,30,17.673333333333336,0.426,0.32,135.8,6.53,336587,126752.16666666667
97,9701,2009,3,0,0,0,0,0,0,0,0,0,0,0,0,0,4,0,0,0,0,0,0,0,0,0,0,0,0.8688888888888888,88.33333333333333,3,36.666666666666664,14.223333333333333,0.2816666666666667,0.20666666666666667,165.73333333333332,6.9366666666666665,336587,126752.16666666667
97,9701,2010,1,0,0,0,0,0,0,0,0,0,0,0,0,0,0,0,0,0,0,0,0,0,0,0,0,0,0,0,3,80,11.09,0.356666667,0.29,199.7,6.973333333,336587,126752.16666666667
97,9701,2010,2,3,0,3,0,0,0,0,0,0,0,0,0,0,0,0,0,0,0,0,0,0,0,0,0,0,0,5,3,70,20.77,0.408,0.306666667,114.2,6.166666667,336587,126752.16666666667
97,9701,2010,3,3,0,3,0,0,0,0,0,0,0,0,0,0,0,0,0,0,0,0,0,0,0,0,0,0,0,18.333333333333332,3,65,20.36333333,0.474,0.353333333,117.2,6.936666667,336587,126752.16666666667
97,9701,2011,1,0,0,0,0,0,0,0,0,0,6,5,0,5,3,2,0,0,1,0,0,0,0,0,0,0,0.4187654313888889,9.166666666666666,3,53.333333333333336,17.453333333333333,0.454,0.34,137.83333333333334,4.4783333333333335,336587,126752.16666666667
97,9702,2009,2,3,0,3,0,0,0,0,0,0,0,19,0,0,1,0,0,0,0,0,0,0,0,0,0,0,0.6224074069444445,15,3,70,20.626666666666665,0.36033333333333334,0.26666666666666666,115.26666666666667,7.406666666666666,336510.1666666667,126583.16666666667
97,9702,2009,3,0,0,0,0,0,0,0,0,0,0,0,0,0,0,0,0,0,0,0,0,0,0,0,1,0,0.13,14.166666666666666,3,136.66666666666666,16,0.3453333333333333,0.25666666666666665,100.249,7.336666666666667,336510.1666666667,126583.16666666667
97,9702,2010,1,0,0,0,0,0,0,0,0,0,0,0,0,0,0,0,0,0,0,0,0,0,0,0,0,0,0,0,3,86.66666666666667,11.70333333,0.320666667,0.24,192.5333333,7.17,336510.1666666667,126583.16666666667
97,9702,2010,2,0,0,0,0,0,0,0,0,0,0,0,0,0,0,0,0,0,0,0,0,0,0,0,0,0,0,5,3,70,21.56666667,0.367666667,0.276666667,109.3,6,336510.1666666667,126583.16666666667
97,9702,2010,3,1,0,1,0,0,0,0,0,0,0,0,0,0,0,0,0,0,0,0,0,0,0,0,0,0,0,23.333333333333332,3,98,19.57333333,0.491333333,0.37,122.2333333,7.336666667,336510.1666666667,126583.16666666667
97,9702,2011,1,0,0,0,0,0,0,0,0,0,0,1,0,0,0,0,0,0,0,0,0,0,0,0,0,0,0.1644444438888889,15.833333333333334,3,74.16666666666667,17.37333333333333,0.488,0.37,138.23333333333335,4.475,336510.1666666667,126583.16666666667
97,9703,2009,2,0,0,0,0,0,0,0,0,0,2,0,0,0,0,0,0,0,0,0,0,0,0,0,0,0,0.2422839502777778,20,3,27.5,23.176666666666666,0.2763333333333334,0.2,99.83333333333333,7.516666666666667,336444.8333333333,126717.33333333333
97,9703,2009,3,0,0,0,0,0,0,0,0,0,0,0,0,6,1,0,0,0,0,0,0,0,0,0,0,0,0.6616666666666667,11.666666666666666,3,80,14.620000000000001,0.3526666666666667,0.26666666666666666,161.83333333333334,7.223333333333334,336444.8333333333,126717.33333333333
97,9703,2010,1,0,0,0,0,0,0,0,0,0,0,0,0,0,0,0,0,0,0,0,0,0,0,0,0,0,0,0,3,100,10.99666667,0.335333333,0.25,200.7666667,6.873333333,336444.8333333333,126717.33333333333
97,9703,2010,2,0,0,0,0,0,0,0,0,0,0,0,0,0,0,0,0,0,0,0,0,0,0,0,0,0,0,5,3,71.66666666666667,20.59666667,0.448,0.336666667,115.4333333,6.166666667,336444.8333333333,126717.33333333333
97,9703,2010,3,0,0,0,0,0,0,0,0,0,0,0,0,0,0,0,0,0,0,0,0,0,0,0,0,0,0,21.666666666666668,3,63.333333333333336,20.23,0.470666667,0.356666667,115.6666667,7.223333333,336444.8333333333,126717.33333333333
97,9703,2011,1,0,0,0,0,0,0,0,0,0,4,7,1,1,6,0,0,0,1,0,0,0,0,0,0,5,0.09623456749999999,16.666666666666668,3,49.166666666666664,17,0.42333333333333334,0.30666666666666664,141.3,4.3966666666666665,336444.8333333333,126717.33333333333
97,9704,2009,2,0,0,0,0,0,0,0,0,0,1,0,0,0,3,0,0,0,0,0,0,0,0,0,0,0,0.9459259258333335,95,3,35,18.133333333333333,0.47533333333333333,0.38,133.16666666666666,6.14,336733.6666666667,126850.83333333333
97,9704,2009,3,0,0,0,0,0,0,0,0,0,1,0,0,0,2,0,0,0,0,0,0,0,0,0,0,0,0.7772222222222221,17.5,3,56.666666666666664,14.556666666666667,0.5595333333333333,0.42666666666666664,156.13333333333333,7.04,336733.6666666667,126850.83333333333
97,9704,2010,1,0,0,0,0,0,0,0,0,0,0,0,0,0,0,0,0,0,0,0,0,0,0,0,0,0,0,NaN,3,36.666666666666664,12.43,0.656,0.5,184.2,7.096666667,336733.6666666667,126850.83333333333
97,9704,2010,2,0,0,0,0,0,0,0,0,0,0,0,0,0,0,0,0,0,0,0,0,0,0,0,0,0,0,5,3,68.33333333333333,20.84333333,0.559,0.423333333,114.3,6.5,336733.6666666667,126850.83333333333
97,9704,2010,3,0,0,0,0,0,0,0,0,0,0,0,0,0,0,0,0,0,0,0,0,0,0,0,0,0,0,2.5555555,3,65,22.02666667,0.543333333,0.406666667,106.7,7.04,336733.6666666667,126850.83333333333
97,9704,2011,1,0,0,0,0,0,0,0,0,0,8,10,1,1,0,0,0,0,0,0,0,0,0,0,0,0,0.1046913575,10,3,39.166666666666664,17.98,0.6719999999999999,0.45666666666666667,133.6,4.248333333333333,336733.6666666667,126850.83333333333
98,9802,2009,2,0,0,0,0,0,0,0,0,0,1,0,0,0,0,0,0,0,0,0,0,0,0,0,0,0,0,7.5,3,45,18.14,0.45333333333333337,0.3433333333333333,132.33333333333334,7.466666666666667,334597.3076923077,125245.30769230769
98,9802,2009,3,0,0,0,0,0,0,0,0,0,4,3,0,5,1,0,0,0,0,0,0,0,0,0,0,0,0.5166666666666667,10.833333333333334,3,68.33333333333333,17.65,0.398,0.29666666666666663,136.46666666666667,7.466666666666667,334597.3076923077,125245.30769230769
98,9802,2010,1,0,0,0,0,0,0,0,0,0,0,0,0,0,0,0,0,0,0,0,0,0,0,0,0,0,0,0,3,20.833333333333332,14.40666667,0.532,0.41,164,7.746666667,334597.3076923077,125245.30769230769
98,9802,2010,2,3,0,3,0,0,0,0,0,0,0,0,0,0,0,0,0,0,0,0,0,0,0,0,0,0,0,35,3,51.666666666666664,22.55,0.465666667,0.35,103.8666667,5.666666667,334597.3076923077,125245.30769230769
98,9802,2010,3,2,0,2,0,0,0,0,0,0,0,0,0,0,0,0,0,0,0,0,0,0,0,0,0,0,0,48.333333333333336,3,13.333333333333334,20.71,0.483666667,0.363333333,114.8,7.466666667,334597.3076923077,125245.30769230769
98,9802,2011,1,0,0,0,0,0,0,0,0,0,0,2,0,1,1,0,0,0,0,0,0,0,0,0,0,0,0.0802469125,9.166666666666666,3,60,16.153333333333332,0.6123333333333333,0.47,148.26666666666665,4.205,334597.3076923077,125245.30769230769
98,9803,2009,2,0,0,0,0,0,0,0,0,0,0,5,2,0,7,0,0,0,0,0,0,0,0,0,0,0,0.2641358022222222,10,3,28.333333333333332,18.49,0.461,0.3466666666666667,129.83333333333331,7.716666666666667,334659.8333333333,125119.33333333333
98,9803,2009,3,0,0,0,0,0,0,0,0,0,0,2,0,0,0,0,0,0,0,0,0,0,0,0,0,0,0.5966666666666667,25,3,58.333333333333336,16.66,0.384,0.2866666666666667,144.6,7.486666666666666,334659.8333333333,125119.33333333333
98,9803,2010,1,0,0,0,0,0,0,0,0,0,0,0,0,0,0,0,0,0,0,0,0,0,0,0,0,0,0,0,3,20,14.13333333,0.540333333,0.41,166.6333333,7.656666667,334659.8333333333,125119.33333333333
98,9803,2010,2,0,0,0,0,0,0,0,0,0,0,0,0,0,0,0,0,0,0,0,0,0,0,0,0,0,0,6.666666666666667,3,51.666666666666664,23.03,0.475,0.356666667,101.1333333,6.5,334659.8333333333,125119.33333333333
98,9803,2010,3,0,0,0,0,0,0,0,0,0,0,0,0,0,0,0,0,0,0,0,0,0,0,0,0,0,0,35,3,12.5,21.35333333,0.528,0.4,110.9,7.276666667,334659.8333333333,125119.33333333333
98,9803,2011,1,0,0,0,0,0,0,0,0,0,2,8,0,7,5,0,0,0,0,0,0,0,0,0,0,1,0.08290123361111112,0.8333333333333334,3,32.5,15,0.599,0.45666666666666667,158.5,4.046666666666667,334659.8333333333,125119.33333333333
98,9804,2009,2,1,0,1,0,0,0,0,0,0,0,13,3,0,2,0,0,0,0,1,0,0,0,0,0,0,0,15.833333333333334,3,NaN,20.023333333333333,0.3993333333333333,0.3,119.16666666666667,7.47,334644.5294117647,124903.5294117647
98,9804,2009,3,0,0,0,0,0,0,0,0,0,0,0,0,3,1,0,0,0,0,0,0,0,0,0,0,0,0.5322222222222223,15,3,60,16.666666666666668,0.418,0.31666666666666665,139.33333333333334,6.873333333333333,334644.5294117647,124903.5294117647
98,9804,2010,1,0,0,0,0,0,0,0,0,0,0,0,0,0,0,0,0,0,0,0,0,0,0,0,0,0,0,0,3,53.333333333333336,13.40666667,0.604333333,0.463333333,173.8666667,7.823333333,334644.5294117647,124903.5294117647
98,9804,2010,2,0,0,0,0,0,0,0,0,0,0,0,0,0,0,0,0,0,0,0,0,0,0,0,0,0,0,NaN,3,NaN,NaN,NaN,NaN,NaN,NaN,334644.5294117647,124903.5294117647
98,9804,2010,3,2,0,2,0,0,0,0,0,0,0,0,0,0,0,0,0,0,0,0,0,0,0,0,0,0,0,40.833333333333336,3,40,20.04,0.575,0.433333333,119.3333333,6.903333333,334644.5294117647,124903.5294117647
98,9804,2011,1,0,0,0,0,0,0,0,0,0,10,4,0,21,2,0,0,0,0,0,0,0,0,0,0,0,0.30919753,7.5,3,43.333333333333336,13.883333333333333,0.6286666666666667,0.48,169.83333333333334,3.861666666666667,334644.5294117647,124903.5294117647
98,9805,2009,2,1,0,1,0,0,0,0,0,0,5,10,2,0,1,0,0,0,0,0,0,0,0,0,0,0,0.7459259258333333,15,3,45,17.886666666666667,0.443,0.33333333333333337,134.33333333333334,7.123333333333333,334477.3333333333,124828.5
98,9805,2009,3,0,0,0,0,0,0,0,0,0,0,0,0,3,5,0,0,0,0,0,0,0,0,0,0,0,0.8627777777777778,14.166666666666666,3,100,15.853333333333332,0.44566666666666666,0.33666666666666667,151.26666666666665,6.65,334477.3333333333,124828.5
98,9805,2010,1,0,0,0,0,0,0,0,0,0,0,0,0,0,0,0,0,0,0,0,0,0,0,0,0,0,0,0,3,51.666666666666664,13.58,0.408333333,0.31,172.1,7.623333333,334477.3333333333,124828.5
98,9805,2010,2,0,0,0,0,0,0,0,0,0,0,0,0,0,0,0,0,0,0,0,0,0,0,0,0,0,0,31.666666666666668,3,34.166666666666664,22.44,0.454666667,0.343333333,104.1,6,334477.3333333333,124828.5
98,9805,2010,3,0,0,0,0,0,0,0,0,0,0,0,0,0,0,0,0,0,0,0,0,0,0,0,0,0,0,95,3,17.5,20.19666667,0.530666667,0.4,118,6.346666667,334477.3333333333,124828.5
98,9805,2011,1,0,0,0,0,0,0,0,0,0,3,8,0,1,0,0,0,0,0,0,0,0,0,0,0,0,0.08277777694444444,5.833333333333333,3,45,15.32,0.59,0.45,155.5,3.735,334477.3333333333,124828.5
